node_id,node_type,invert_elevation,max_depth,initial_depth,surcharge_depth,ponded_area,x_coord,y_coord,is_storage,is_outfall,is_pump_station_forebay,model_version,is_added
F74F370,junction,9.419,2.23,0.0,0.0,0.0,586712.67,6135376.58,False,False,False,original,0
F74F380,junction,9.459,2.83,0.0,0.0,0.0,586649.4,6135342.86,False,False,False,original,0
F74F390,junction,9.519,3.19,0.0,0.0,0.0,586586.39,6135307.44,False,False,False,original,0
F74F410,junction,9.649,3.7,0.0,0.0,0.0,586522.33,6135293.18,False,False,False,original,0
F74F420,junction,9.759,4.93,0.0,0.0,0.0,586437.42,6135261.73,False,False,False,original,0
F74F430,junction,9.779,2.96,0.0,0.0,0.0,586418.87,6135241.12,False,False,False,original,0
F74F440,junction,9.879,4.54,0.0,0.0,0.0,586389.87,6135196.41,False,False,False,original,0
F74F445,junction,10.069,4.75,0.0,0.0,0.0,586368.79,6135193.87,False,False,False,original,0
G60F010,junction,10.149,4.67,0.0,0.0,0.0,586348.59,6135173.24,False,False,False,original,0
G60F020,junction,10.309,3.19,0.0,0.0,0.0,586334.48,6135124.59,False,False,False,original,0
G60F030,junction,10.439,2.84,0.0,0.0,0.0,586317.98,6135064.37,False,False,False,original,0
G60F040,junction,10.739,2.83,0.0,0.0,0.0,586300.22,6134997.12,False,False,False,original,0
G60F060,junction,10.929,2.75,0.0,0.0,0.0,586250.01,6134947.83,False,False,False,original,0
G60F070,junction,11.269,2.58,0.0,0.0,0.0,586202.71,6134902.79,False,False,False,original,0
G60F090,junction,11.269,2.75,0.0,0.0,0.0,586161.12,6134862.27,False,False,False,original,0
G60F110,junction,11.489,2.67,0.0,0.0,0.0,586110.96,6134825.37,False,False,False,original,0
G60F120,junction,11.559,2.46,0.0,0.0,0.0,586107.88,6134769.22,False,False,False,original,0
G60F130,junction,11.739,2.64,0.0,0.0,0.0,586060.92,6134727.58,False,False,False,original,0
G60F140,junction,11.809,3.34,0.0,0.0,0.0,586035.74,6134706.38,False,False,False,original,0
G60F141,junction,11.819,3.03,0.0,0.0,0.0,586028.03,6134712.33,False,False,False,original,0
G60F160,junction,11.889,4.67,0.0,0.0,0.0,586010.4,6134683.68,False,False,False,original,0
G60F170,junction,11.949,5.67,0.0,0.0,0.0,585971.72,6134632.42,False,False,False,original,0
G60F180,junction,12.139,5.81,0.0,0.0,0.0,585933.75,6134581.06,False,False,False,original,0
G60F190,junction,12.219,7.26,0.0,0.0,0.0,585892.5,6134579.04,False,False,False,original,0
G60F210,junction,12.239,7.11,0.0,0.0,0.0,585874.58,6134584.88,False,False,False,original,0
G60F230,junction,12.959,2.46,0.0,0.0,0.0,586149.95,6134937.36,False,False,False,original,0
G60F240,junction,14.319,2.8,0.0,0.0,0.0,586075.42,6134992.01,False,False,False,original,0
G60F260,junction,16.039,1.74,0.0,0.0,0.0,585981.73,6134984.87,False,False,False,original,0
G60F280,junction,18.309,1.99,0.0,0.0,0.0,585886.57,6134984.33,False,False,False,original,0
G60F320,junction,19.649,1.81,0.0,0.0,0.0,585819.11,6134984.29,False,False,False,original,0
G60F330,junction,19.829,2.06,0.0,0.0,0.0,585805.95,6134981.97,False,False,False,original,0
G60F340,junction,20.159,2.32,0.0,0.0,0.0,585770.92,6134959.58,False,False,False,original,0
G60F350,junction,20.359,2.36,0.0,0.0,0.0,585745.36,6134939.86,False,False,False,original,0
G60F360,junction,20.479,2.48,0.0,0.0,0.0,585728.88,6134927.15,False,False,False,original,0
G60F380,junction,20.599,2.58,0.0,0.0,0.0,585714.23,6134914.2,False,False,False,original,0
G60F60X,junction,11.989,2.33,0.0,0.0,0.0,586198.26,6134902.78,False,False,False,original,0
G60F60Y,junction,11.989,2.33,0.0,0.0,0.0,586198.11,6134903.1,False,False,False,original,0
G60F61Y,junction,21.179,2.84,0.0,0.0,0.0,585679.26,6134890.07,False,False,False,original,0
G60K009,junction,22.01,1.739,0.0,0.0,0.0,585839.24,6134815.68,False,False,False,original,0
G60K200,junction,9.92,0.499000000000001,0.0,0.0,0.0,586316.24,6134961.05,False,False,False,original,0
G60K210,junction,9.819,0.5,0.0,0.0,0.0,586333.23,6134955.93,False,False,False,original,0
G60K300,junction,17.22,1.759,0.0,0.0,0.0,585928.44,6134981.63,False,False,False,original,0
G60K301,junction,17.82,1.129,0.0,0.0,0.0,585935.29,6134984.35,False,False,False,original,0
G60K309,junction,24.76,1.759,0.0,0.0,0.0,585720.82,6134797.25,False,False,False,original,0
G60K311,junction,24.869,1.07,0.0,0.0,0.0,585743.83,6134766.47,False,False,False,original,0
G60O220,junction,11.979,1.22,0.0,0.0,0.0,586198.15,6134900.9,False,False,False,original,0
G60O230,junction,13.519,1.9,0.0,0.0,0.0,586136.34,6134944.73,False,False,False,original,0
G60O240,junction,15.159,1.94,0.0,0.0,0.0,586075.85,6134989.11,False,False,False,original,0
G60O260,junction,16.169,1.27,0.0,0.0,0.0,586006.53,6134983.84,False,False,False,original,0
G60O280,junction,17.809,2.44,0.0,0.0,0.0,585887.62,6134982.88,False,False,False,original,0
G60O320,junction,18.819,2.61,0.0,0.0,0.0,585817.74,6134981.51,False,False,False,original,0
G60O330,junction,19.409,2.47,0.0,0.0,0.0,585797.01,6134973.43,False,False,False,original,0
G60O340,junction,20.259,2.15,0.0,0.0,0.0,585770.68,6134957.25,False,False,False,original,0
G60O360,junction,21.469,1.44,0.0,0.0,0.0,585729.25,6134925.85,False,False,False,original,0
G60O361,junction,22.539,1.42,0.0,0.0,0.0,585684.86,6134889.68,False,False,False,original,0
G60OU01,junction,16.919,2.0,0.0,0.0,0.0,585930.95,6134981.55,False,False,False,original,0
G60R011,junction,22.649,1.31,0.0,0.0,0.0,585821.83,6134759.48,False,False,False,original,0
G60R281,junction,18.559,2.44,0.0,0.0,0.0,585872.69,6134930.92,False,False,False,original,0
G60R282,junction,19.489,2.83,0.0,0.0,0.0,585859.36,6134880.91,False,False,False,original,0
G60R290,junction,18.279,2.57,0.0,0.0,0.0,585900.85,6135030.94,False,False,False,original,0
G60R292,junction,19.289,2.64,0.0,0.0,0.0,585910.07,6135086.94,False,False,False,original,0
G60R293,junction,19.899,3.14,0.0,0.0,0.0,585875.4,6135110.95,False,False,False,original,0
G60R294,junction,20.129,3.33,0.0,0.0,0.0,585864.62,6135109.93,False,False,False,original,0
G60R295,junction,22.939,1.78,0.0,0.0,0.0,585821.73,6135139.58,False,False,False,original,0
G60R296,junction,23.619,2.06,0.0,0.0,0.0,585784.66,6135168.73,False,False,False,original,0
G60R302,junction,17.869,1.11,0.0,0.0,0.0,585934.68,6134972.13,False,False,False,original,0
G60R303,junction,18.869,1.61,0.0,0.0,0.0,585947.76,6134799.97,False,False,False,original,0
G60R304,junction,20.919,1.7,0.0,0.0,0.0,585878.69,6134804.56,False,False,False,original,0
G60R307,junction,23.779,1.37,0.0,0.0,0.0,585763.09,6134837.99,False,False,False,original,0
G60R308,junction,24.859,1.65,0.0,0.0,0.0,585715.93,6134792.55,False,False,False,original,0
G60R321,junction,20.029,3.53,0.0,0.0,0.0,585806.77,6135032.19,False,False,False,original,0
G60R322,junction,21.599,3.38,0.0,0.0,0.0,585789.08,6135056.83,False,False,False,original,0
G60R323,junction,24.089,3.51,0.0,0.0,0.0,585738.95,6135093.73,False,False,False,original,0
G60R341,junction,21.329,1.5,0.0,0.0,0.0,585763.65,6134964.5,False,False,False,original,0
G60R342,junction,23.919,1.86,0.0,0.0,0.0,585727.47,6135011.93,False,False,False,original,0
G60R343,junction,24.729,2.52,0.0,0.0,0.0,585698.43,6135033.71,False,False,False,original,0
G60R380,junction,21.899,1.48,0.0,0.0,0.0,585710.95,6134915.79,False,False,False,original,0
G60R382,junction,23.569,2.34,0.0,0.0,0.0,585670.3,6134968.42,False,False,False,original,0
G60R383,junction,23.879,1.98,0.0,0.0,0.0,585644.29,6134988.79,False,False,False,original,0
G60R385,junction,22.419,1.2,0.0,0.0,0.0,585676.47,6134897.6,False,False,False,original,0
G60U01F,junction,11.199,0.9,0.0,0.0,0.0,586225.31,6134882.64,False,False,False,original,0
G61F010,junction,21.569,3.85,0.0,0.0,0.0,585638.34,6134833.95,False,False,False,original,0
G61F011,junction,21.829,3.67,0.0,0.0,0.0,585633.38,6134827.27,False,False,False,original,0
G61F012,junction,23.069,3.2,0.0,0.0,0.0,585658.59,6134801.35,False,False,False,original,0
G61F013,junction,24.229,2.19,0.0,0.0,0.0,585689.45,6134768.04,False,False,False,original,0
G61F020,junction,21.739,3.77,0.0,0.0,0.0,585608.0,6134866.34,False,False,False,original,0
G61F030,junction,22.079,3.55,0.0,0.0,0.0,585580.43,6134895.97,False,False,False,original,0
G61F031,junction,23.689,2.6,0.0,0.0,0.0,585542.44,6134844.34,False,False,False,original,0
G61F032,junction,24.689,2.41,0.0,0.0,0.0,585502.74,6134789.55,False,False,False,original,0
G61F033,junction,25.359,2.43,0.0,0.0,0.0,585462.26,6134733.75,False,False,False,original,0
G61F034,junction,25.629,2.07,0.0,0.0,0.0,585421.05,6134679.14,False,False,False,original,0
G61F035,junction,25.969,1.86,0.0,0.0,0.0,585379.56,6134623.52,False,False,False,original,0
G61F040,junction,22.919,3.42,0.0,0.0,0.0,585524.25,6134956.07,False,False,False,original,0
G61F041,junction,23.859,2.94,0.0,0.0,0.0,585481.67,6134898.52,False,False,False,original,0
G61F042,junction,23.739,3.83,0.0,0.0,0.0,585440.59,6134842.71,False,False,False,original,0
G61F043,junction,24.159,3.32,0.0,0.0,0.0,585399.52,6134785.9,False,False,False,original,0
G61F044,junction,24.609,2.5,0.0,0.0,0.0,585357.92,6134730.97,False,False,False,original,0
G61F045,junction,25.059,2.12,0.0,0.0,0.0,585326.37,6134688.45,False,False,False,original,0
G61F060,junction,23.919,3.52,0.0,0.0,0.0,585467.6,6135017.1,False,False,False,original,0
G61F061,junction,24.319,3.3,0.0,0.0,0.0,585424.86,6134959.38,False,False,False,original,0
G61F062,junction,24.709,3.37,0.0,0.0,0.0,585383.51,6134901.87,False,False,False,original,0
G61F063,junction,24.989,3.68,0.0,0.0,0.0,585349.35,6134854.99,False,False,False,original,0
G61F064,junction,25.399,3.38,0.0,0.0,0.0,585300.87,6134788.93,False,False,False,original,0
G61F065,junction,26.029,1.61,0.0,0.0,0.0,585269.44,6134745.41,False,False,False,original,0
G61F070,junction,24.719,3.23,0.0,0.0,0.0,585420.65,6135066.74,False,False,False,original,0
G61F080,junction,21.839,3.61,0.0,0.0,0.0,585607.79,6134872.68,False,False,False,original,0
G61F090,junction,22.079,3.48,0.0,0.0,0.0,585583.09,6134899.54,False,False,False,original,0
G61F110,junction,22.359,3.66,0.0,0.0,0.0,585546.22,6134938.8,False,False,False,original,0
G61F120,junction,22.829,3.47,0.0,0.0,0.0,585526.86,6134959.45,False,False,False,original,0
G61F130,junction,23.799,3.35,0.0,0.0,0.0,585481.39,6135007.75,False,False,False,original,0
G61F140,junction,23.909,3.46,0.0,0.0,0.0,585469.67,6135020.52,False,False,False,original,0
G61F160,junction,24.72,4.289,0.0,0.0,0.0,585402.44,6135091.32,False,False,False,original,0
G61F161,junction,25.359,2.65,0.0,0.0,0.0,585438.21,6135142.43,False,False,False,original,0
G61F162,junction,25.779,2.67,0.0,0.0,0.0,585475.26,6135194.97,False,False,False,original,0
G61F163,junction,26.159,2.53,0.0,0.0,0.0,585512.6,6135248.3,False,False,False,original,0
G61F164,junction,26.879,2.37,0.0,0.0,0.0,585551.67,6135304.58,False,False,False,original,0
G61F170,junction,25.689,2.28,0.0,0.0,0.0,585402.58,6135094.33,False,False,False,original,0
G61F180,junction,24.81,4.179,0.0,0.0,0.0,585353.71,6135144.21,False,False,False,original,0
G61F210,junction,22.979,1.34,0.0,0.0,0.0,585575.89,6134982.39,False,False,False,original,0
G61F220,junction,23.209,1.18,0.0,0.0,0.0,585603.62,6135020.84,False,False,False,original,0
G61F221,junction,23.619,1.21,0.0,0.0,0.0,585564.05,6135049.45,False,False,False,original,0
G61F222,junction,23.969,2.19,0.0,0.0,0.0,585519.74,6135080.76,False,False,False,original,0
G61F223,junction,24.339,2.12,0.0,0.0,0.0,585498.05,6135049.83,False,False,False,original,0
G61F224,junction,24.419,1.98,0.0,0.0,0.0,585548.43,6135121.03,False,False,False,original,0
G61F230,junction,23.639,1.9,0.0,0.0,0.0,585647.59,6135082.51,False,False,False,original,0
G61F231,junction,24.039,1.53,0.0,0.0,0.0,585606.21,6135111.48,False,False,False,original,0
G61F232,junction,24.349,2.15,0.0,0.0,0.0,585562.91,6135142.12,False,False,False,original,0
G61F233,junction,24.809,2.0,0.0,0.0,0.0,585591.79,6135183.09,False,False,False,original,0
G61F240,junction,23.989,2.74,0.0,0.0,0.0,585690.77,6135143.56,False,False,False,original,0
G61F241,junction,24.369,1.48,0.0,0.0,0.0,585649.69,6135172.54,False,False,False,original,0
G61F242,junction,24.649,2.25,0.0,0.0,0.0,585605.98,6135203.37,False,False,False,original,0
G61F243,junction,25.139,2.08,0.0,0.0,0.0,585634.77,6135244.04,False,False,False,original,0
G61F260,junction,24.409,2.02,0.0,0.0,0.0,585732.24,6135205.09,False,False,False,original,0
G61F261,junction,24.629,1.41,0.0,0.0,0.0,585765.89,6135181.96,False,False,False,original,0
G61F270,junction,24.689,2.13,0.0,0.0,0.0,585692.78,6135233.3,False,False,False,original,0
G61F280,junction,24.969,2.4,0.0,0.0,0.0,585648.66,6135264.41,False,False,False,original,0
G61F290,junction,25.209,2.28,0.0,0.0,0.0,585675.34,6135300.34,False,False,False,original,0
G61F310,junction,25.629,2.79,0.0,0.0,0.0,585641.08,6135323.56,False,False,False,original,0
G61F320,junction,27.029,2.8,0.0,0.0,0.0,585590.75,6135360.75,False,False,False,original,0
G61F330,junction,27.909,3.14,0.0,0.0,0.0,585559.39,6135414.12,False,False,False,original,0
G61F331,junction,28.569,2.28,0.0,0.0,0.0,585636.45,6135420.65,False,False,False,original,0
G61F340,junction,28.149,3.51,0.0,0.0,0.0,585518.77,6135441.58,False,False,False,original,0
G61F350,junction,28.439,2.73,0.0,0.0,0.0,585497.45,6135436.36,False,False,False,original,0
G61F351,junction,29.599,2.42,0.0,0.0,0.0,585524.44,6135490.84,False,False,False,original,0
G61F352,junction,30.179,2.4,0.0,0.0,0.0,585542.93,6135537.07,False,False,False,original,0
G61F353,junction,29.029,2.38,0.0,0.0,0.0,585423.16,6135460.96,False,False,False,original,0
G61F354,junction,29.539,1.91,0.0,0.0,0.0,585358.8,6135480.61,False,False,False,original,0
G61F361,junction,25.919,2.34,0.0,0.0,0.0,585372.71,6135035.52,False,False,False,original,0
G61F362,junction,26.24,1.899,0.0,0.0,0.0,585388.3,6135024.83,False,False,False,original,0
G61F370,junction,25.809,2.57,0.0,0.0,0.0,585349.9,6135020.02,False,False,False,original,0
G61F371,junction,26.529,1.99,0.0,0.0,0.0,585316.51,6135053.02,False,False,False,original,0
G61F372,junction,26.789,1.87,0.0,0.0,0.0,585310.37,6135045.09,False,False,False,original,0
G61F373,junction,27.009,1.81,0.0,0.0,0.0,585271.95,6135078.18,False,False,False,original,0
G61F374,junction,27.269,2.64,0.0,0.0,0.0,585248.6,6135047.2,False,False,False,original,0
G61F375,junction,27.349,2.57,0.0,0.0,0.0,585239.67,6135035.66,False,False,False,original,0
G61F376,junction,27.489,2.51,0.0,0.0,0.0,585230.79,6135023.33,False,False,False,original,0
G61F380,junction,25.999,2.62,0.0,0.0,0.0,585317.97,6134975.8,False,False,False,original,0
G61F390,junction,26.249,2.63,0.0,0.0,0.0,585283.87,6134929.68,False,False,False,original,0
G61F400,junction,26.339,2.64,0.0,0.0,0.0,585271.7,6134913.04,False,False,False,original,0
G61F410,junction,26.519,2.45,0.0,0.0,0.0,585251.51,6134885.14,False,False,False,original,0
G61F411,junction,26.959,1.5,0.0,0.0,0.0,585272.43,6134823.53,False,False,False,original,0
G61F412,junction,27.189,2.64,0.0,0.0,0.0,585228.47,6134954.75,False,False,False,original,0
G61F413,junction,28.129,1.9,0.0,0.0,0.0,585205.4,6134998.24,False,False,False,original,0
G61F414,junction,28.979,0.91,0.0,0.0,0.0,585250.32,6135062.8,False,False,False,original,0
G61F420,junction,23.779,3.17,0.0,0.0,0.0,585596.47,6134777.52,False,False,False,original,0
G61F430,junction,24.119,4.15,0.0,0.0,0.0,585554.02,6134720.08,False,False,False,original,0
G61F440,junction,24.219,4.34,0.0,0.0,0.0,585509.29,6134659.05,False,False,False,original,0
G61F460,junction,24.599,3.85,0.0,0.0,0.0,585466.98,6134602.01,False,False,False,original,0
G61K360,junction,25.569,2.55,0.0,0.0,0.0,585363.65,6135040.46,False,False,False,original,0
G62F010,junction,26.559,2.91,0.0,0.0,0.0,585333.76,6135168.02,False,False,False,original,0
G62F011,junction,27.419,2.47,0.0,0.0,0.0,585392.09,6135254.3,False,False,False,original,0
G62F012,junction,27.649,2.22,0.0,0.0,0.0,585416.32,6135287.78,False,False,False,original,0
G62F014,junction,27.949,2.67,0.0,0.0,0.0,585461.85,6135354.33,False,False,False,original,0
G62F015,junction,28.509,2.36,0.0,0.0,0.0,585499.86,6135408.66,False,False,False,original,0
G62F020,junction,26.649,2.9,0.0,0.0,0.0,585321.68,6135181.62,False,False,False,original,0
G62F022,junction,27.729,2.63,0.0,0.0,0.0,585425.88,6135334.87,False,False,False,original,0
G62F023,junction,27.059,1.95,0.0,0.0,0.0,585255.51,6135098.7,False,False,False,original,0
G62F060,junction,25.129,4.43,0.0,0.0,0.0,585314.05,6135176.45,False,False,False,original,0
G62F070,junction,25.479,4.05,0.0,0.0,0.0,585269.69,6135209.57,False,False,False,original,0
G62F071,junction,26.189,3.56,0.0,0.0,0.0,585306.94,6135262.26,False,False,False,original,0
G62F072,junction,26.929,3.17,0.0,0.0,0.0,585348.2,6135319.48,False,False,False,original,0
G62F073,junction,27.419,2.94,0.0,0.0,0.0,585383.45,6135367.73,False,False,False,original,0
G62F080,junction,26.039,3.86,0.0,0.0,0.0,585231.55,6135237.0,False,False,False,original,0
G62F090,junction,26.539,3.68,0.0,0.0,0.0,585192.39,6135265.52,False,False,False,original,0
G62F091,junction,26.859,3.16,0.0,0.0,0.0,585157.27,6135215.77,False,False,False,original,0
G62F092,junction,27.169,2.74,0.0,0.0,0.0,585122.83,6135167.97,False,False,False,original,0
G62F093,junction,27.489,2.3,0.0,0.0,0.0,585087.57,6135119.33,False,False,False,original,0
G62F094,junction,27.749,1.9,0.0,0.0,0.0,585057.18,6135071.61,False,False,False,original,0
G62F095,junction,28.019,1.51,0.0,0.0,0.0,585034.98,6135021.99,False,False,False,original,0
G62F110,junction,26.849,3.82,0.0,0.0,0.0,585234.87,6135324.57,False,False,False,original,0
G62F111,junction,27.129,4.06,0.0,0.0,0.0,585276.27,6135380.88,False,False,False,original,0
G62F112,junction,27.679,4.01,0.0,0.0,0.0,585315.41,6135434.36,False,False,False,original,0
G62F113,junction,27.969,3.37,0.0,0.0,0.0,585332.01,6135489.28,False,False,False,original,0
G62F114,junction,28.149,2.51,0.0,0.0,0.0,585294.16,6135501.92,False,False,False,original,0
G62F115,junction,28.339,1.69,0.0,0.0,0.0,585255.12,6135514.25,False,False,False,original,0
G62F116,junction,28.709,1.71,0.0,0.0,0.0,585232.82,6135484.6,False,False,False,original,0
G62F117,junction,29.369,1.63,0.0,0.0,0.0,585209.33,6135453.74,False,False,False,original,0
G62F118,junction,27.839,3.5,0.0,0.0,0.0,585328.07,6135476.3,False,False,False,original,0
G62F120,junction,27.099,3.47,0.0,0.0,0.0,585154.74,6135292.97,False,False,False,original,0
G62F121,junction,27.789,2.92,0.0,0.0,0.0,585115.68,6135321.39,False,False,False,original,0
G62F122,junction,28.489,2.41,0.0,0.0,0.0,585156.53,6135379.09,False,False,False,original,0
G62F130,junction,25.779,3.48,0.0,0.0,0.0,585235.53,6135162.79,False,False,False,original,0
G62F140,junction,26.039,3.36,0.0,0.0,0.0,585203.51,6135118.56,False,False,False,original,0
G62F160,junction,26.109,3.41,0.0,0.0,0.0,585170.82,6135073.41,False,False,False,original,0
G62F170,junction,26.329,3.52,0.0,0.0,0.0,585139.84,6135032.3,False,False,False,original,0
G62F180,junction,26.719,3.38,0.0,0.0,0.0,585108.79,6134989.68,False,False,False,original,0
G62F190,junction,26.929,2.49,0.0,0.0,0.0,585080.63,6134948.95,False,False,False,original,0
G62F191,junction,27.469,1.95,0.0,0.0,0.0,585019.29,6134968.54,False,False,False,original,0
G62F192,junction,27.859,2.14,0.0,0.0,0.0,585010.57,6134918.93,False,False,False,original,0
G62F193,junction,28.209,2.65,0.0,0.0,0.0,585006.26,6134906.45,False,False,False,original,0
G62F194,junction,28.279,2.52,0.0,0.0,0.0,585017.41,6134903.97,False,False,False,original,0
G62F195,junction,28.349,2.7,0.0,0.0,0.0,585001.44,6134907.65,False,False,False,original,0
G62F196,junction,28.459,2.64,0.0,0.0,0.0,584991.32,6134908.45,False,False,False,original,0
G62F197,junction,28.579,3.02,0.0,0.0,0.0,584993.31,6134871.01,False,False,False,original,0
G62F198,junction,28.679,3.21,0.0,0.0,0.0,584977.75,6134872.24,False,False,False,original,0
G62F199,junction,30.189,3.7,0.0,0.0,0.0,584968.79,6134799.81,False,False,False,original,0
G62F200,junction,28.419,3.2,0.0,0.0,0.0,584998.39,6134894.29,False,False,False,original,0
G62F201,junction,30.119,1.5,0.0,0.0,0.0,584970.53,6134817.03,False,False,False,original,0
G62F401,junction,29.019,1.4,0.0,0.0,0.0,585048.59,6134894.59,False,False,False,original,0
G62F402,junction,29.819,0.940000000000001,0.0,0.0,0.0,585078.86,6134881.2,False,False,False,original,0
G62F403,junction,28.689,2.52,0.0,0.0,0.0,584973.29,6134910.09,False,False,False,original,0
G63F010,junction,12.269,5.15,0.0,0.0,0.0,585793.49,6134534.98,False,False,False,original,0
G63F020,junction,12.38,5.4,0.0,0.0,0.0,585720.07,6134504.51,False,False,False,original,0
G63F030,junction,12.489,4.83,0.0,0.0,0.0,585656.78,6134459.42,False,False,False,original,0
G63F040,junction,12.569,5.32,0.0,0.0,0.0,585589.87,6134414.31,False,False,False,original,0
G63F060,junction,12.709,4.37,0.0,0.0,0.0,585520.98,6134373.25,False,False,False,original,0
G63F070,junction,12.799,4.44,0.0,0.0,0.0,585526.74,6134292.89,False,False,False,original,0
G63F080,junction,12.919,4.86,0.0,0.0,0.0,585472.43,6134238.55,False,False,False,original,0
G63F090,junction,13.029,3.87,0.0,0.0,0.0,585403.66,6134189.91,False,False,False,original,0
G63S021,junction,20.0,2.0,0.0,0.0,0.0,585731.9,6134561.71,False,False,False,original,0
G63S022,junction,22.0,1.8,0.0,0.0,0.0,585745.29,6134618.12,False,False,False,original,0
G63S023,junction,24.3,1.53,0.0,0.0,0.0,585711.62,6134724.75,False,False,False,original,0
G64F010,junction,13.149,3.74,0.0,0.0,0.0,585337.44,6134144.04,False,False,False,original,0
G64F020,junction,13.179,3.77,0.0,0.0,0.0,585288.85,6134093.12,False,False,False,original,0
G64F030,junction,13.299,4.21,0.0,0.0,0.0,585235.75,6134027.75,False,False,False,original,0
G64F040,junction,13.319,4.15,0.0,0.0,0.0,585187.65,6133963.05,False,False,False,original,0
G64F060,junction,13.439,4.63,0.0,0.0,0.0,585118.47,6133921.79,False,False,False,original,0
G64F070,junction,13.499,5.37,0.0,0.0,0.0,585050.01,6133879.72,False,False,False,original,0
G64F080,junction,13.519,5.21,0.0,0.0,0.0,584986.9,6133828.95,False,False,False,original,0
G65F010,junction,13.759,4.85,0.0,0.0,0.0,584948.38,6133766.04,False,False,False,original,0
G65F020,junction,13.809,3.9,0.0,0.0,0.0,584915.49,6133692.54,False,False,False,original,0
G65F030,junction,13.899,3.38,0.0,0.0,0.0,584880.02,6133631.82,False,False,False,original,0
G65F040,junction,13.969,5.3,0.0,0.0,0.0,584799.23,6133632.21,False,False,False,original,0
G65F060,junction,14.049,4.29,0.0,0.0,0.0,584719.15,6133624.5,False,False,False,original,0
G65F070,junction,14.159,2.81,0.0,0.0,0.0,584656.53,6133573.58,False,False,False,original,0
G65F080,junction,14.199,3.29,0.0,0.0,0.0,584603.46,6133540.91,False,False,False,original,0
G65F090,junction,14.289,3.81,0.0,0.0,0.0,584545.81,6133503.73,False,False,False,original,0
G65F110,junction,14.299,2.77,0.0,0.0,0.0,584506.34,6133450.28,False,False,False,original,0
G65F120,junction,14.409,3.84,0.0,0.0,0.0,584469.94,6133418.65,False,False,False,original,0
G65F130,junction,14.499,3.31,0.0,0.0,0.0,584432.46,6133366.48,False,False,False,original,0
G70F010,junction,14.589,2.22,0.0,0.0,0.0,584413.03,6133298.14,False,False,False,original,0
G70F020,junction,14.689,5.3,0.0,0.0,0.0,584382.39,6133250.36,False,False,False,original,0
G70F030,junction,14.719,1.75,0.0,0.0,0.0,584350.61,6133203.89,False,False,False,original,0
G70F040,junction,14.839,1.83,0.0,0.0,0.0,584354.08,6133133.12,False,False,False,original,0
G70F050,junction,15.099,3.38,0.0,0.0,0.0,584378.78,6133071.62,False,False,False,original,0
G70F060,junction,15.239,2.14,0.0,0.0,0.0,584387.82,6133015.79,False,False,False,original,0
G70F070,junction,15.449,1.67,0.0,0.0,0.0,584389.84,6132957.3,False,False,False,original,0
G70F100,junction,15.219,2.3,0.0,0.0,0.0,584285.81,6133231.56,False,False,False,original,0
G70F105,junction,14.419,1.62,0.0,0.0,0.0,584236.94,6133243.18,False,False,False,original,0
G70F11P,junction,10.919,4.55,0.0,0.0,0.0,584256.87,6133248.67,False,False,True,original,0
G70F120,junction,15.029,3.46,0.0,0.0,0.0,584181.41,6133252.48,False,False,False,original,0
G70F121,junction,15.279,2.55,0.0,0.0,0.0,584209.3,6133308.03,False,False,False,original,0
G70F122,junction,15.379,1.59,0.0,0.0,0.0,584235.23,6133361.54,False,False,False,original,0
G70F123,junction,15.549,1.61,0.0,0.0,0.0,584259.26,6133410.02,False,False,False,original,0
G70F124,junction,16.089,1.91,0.0,0.0,0.0,584218.84,6133431.21,False,False,False,original,0
G70F125,junction,16.849,1.71,0.0,0.0,0.0,584180.5,6133448.44,False,False,False,original,0
G70F130,junction,16.359,2.87,0.0,0.0,0.0,584152.58,6133193.91,False,False,False,original,0
G70F140,junction,17.069,2.61,0.0,0.0,0.0,584127.57,6133144.42,False,False,False,original,0
G70F141,junction,17.229,1.99,0.0,0.0,0.0,584136.66,6133139.6,False,False,False,original,0
G70F142,junction,18.209,2.72,0.0,0.0,0.0,584109.73,6133086.07,False,False,False,original,0
G70F143,junction,19.189,3.45,0.0,0.0,0.0,584083.8,6133032.56,False,False,False,original,0
G70F160,junction,17.569,2.51,0.0,0.0,0.0,584122.75,6133135.32,False,False,False,original,0
G70F161,junction,19.069,2.69,0.0,0.0,0.0,584081.35,6133155.5,False,False,False,original,0
G70F162,junction,21.839,2.44,0.0,0.0,0.0,584063.1,6133118.14,False,False,False,original,0
G70F163,junction,24.849,2.19,0.0,0.0,0.0,584040.85,6133080.7,False,False,False,original,0
G70F164,junction,25.349,1.72,0.0,0.0,0.0,584015.8,6133083.2,False,False,False,original,0
G70F165,junction,27.989,3.36,0.0,0.0,0.0,583959.33,6133086.64,False,False,False,original,0
G70F166,junction,26.139,1.95,0.0,0.0,0.0,584014.46,6133050.18,False,False,False,original,0
G70F170,junction,18.819,2.44,0.0,0.0,0.0,584110.27,6133109.08,False,False,False,original,0
G70F180,junction,21.269,2.3,0.0,0.0,0.0,584094.92,6133076.78,False,False,False,original,0
G70F190,junction,23.279,2.69,0.0,0.0,0.0,584074.71,6133037.38,False,False,False,original,0
G70F210,junction,24.209,2.54,0.0,0.0,0.0,584058.01,6133002.16,False,False,False,original,0
G70F211,junction,25.059,2.33,0.0,0.0,0.0,584032.34,6132949.14,False,False,False,original,0
G70F212,junction,25.2,1.8,0.0,0.0,0.0,584022.29,6132928.79,False,False,False,original,0
G70F220,junction,26.099,2.38,0.0,0.0,0.0,583996.83,6133006.06,False,False,False,original,0
G70F230,junction,27.689,2.64,0.0,0.0,0.0,583938.28,6133009.5,False,False,False,original,0
G70F231,junction,28.549,3.13,0.0,0.0,0.0,583891.16,6133012.01,False,False,False,original,0
G70F232,junction,29.399,2.42,0.0,0.0,0.0,583873.23,6133012.36,False,False,False,original,0
G70F233,junction,29.789,2.87,0.0,0.0,0.0,583874.43,6133052.38,False,False,False,original,0
G70F234,junction,30.179,2.99,0.0,0.0,0.0,583877.67,6133090.45,False,False,False,original,0
G70F235,junction,30.589,1.61,0.0,0.0,0.0,583933.37,6133087.71,False,False,False,original,0
G70F236,junction,30.129,2.5,0.0,0.0,0.0,583814.16,6133016.19,False,False,False,original,0
G70F237,junction,29.029,1.6,0.0,0.0,0.0,583880.18,6132964.51,False,False,False,original,0
G70F300,junction,13.669,2.24,0.0,0.0,0.0,584256.73,6133239.74,False,False,False,original,0
G70F301,junction,10.919,4.68,0.0,0.0,0.0,584256.76,6133245.06,False,False,False,original,0
G70F320,junction,15.259,1.82,0.0,0.0,0.0,584257.82,6133131.02,False,False,False,original,0
G70F330,junction,16.859,3.16,0.0,0.0,0.0,584259.62,6133091.06,False,False,False,original,0
G70F331,junction,17.159,3.48,0.0,0.0,0.0,584217.66,6133089.22,False,False,False,original,0
G70F332,junction,17.589,3.29,0.0,0.0,0.0,584155.7,6133088.13,False,False,False,original,0
G70F333,junction,20.229,2.95,0.0,0.0,0.0,584129.74,6133035.47,False,False,False,original,0
G70F334,junction,21.849,2.97,0.0,0.0,0.0,584103.85,6132979.96,False,False,False,original,0
G70F335,junction,22.389,3.13,0.0,0.0,0.0,584080.95,6132924.51,False,False,False,original,0
G70F340,junction,17.509,2.53,0.0,0.0,0.0,584304.58,6133092.95,False,False,False,original,0
G70F341,junction,18.329,1.49,0.0,0.0,0.0,584336.56,6133093.59,False,False,False,original,0
G70F370,junction,17.839,2.7,0.0,0.0,0.0,584274.22,6133010.36,False,False,False,original,0
G70F371,junction,18.259,2.97,0.0,0.0,0.0,584248.45,6132958.73,False,False,False,original,0
G70F372,junction,18.459,3.02,0.0,0.0,0.0,584213.29,6132957.15,False,False,False,original,0
G70F373,junction,18.899,3.1,0.0,0.0,0.0,584175.33,6132955.39,False,False,False,original,0
G70F374,junction,19.659,2.93,0.0,0.0,0.0,584147.78,6132955.25,False,False,False,original,0
G70F376,junction,19.019,2.84,0.0,0.0,0.0,584177.11,6132966.42,False,False,False,original,0
G70F377,junction,19.409,1.99,0.0,0.0,0.0,584201.14,6133014.9,False,False,False,original,0
G70F378,junction,18.669,3.35,0.0,0.0,0.0,584195.81,6132956.3,False,False,False,original,0
G70F379,junction,21.419,2.95,0.0,0.0,0.0,584105.82,6132956.01,False,False,False,original,0
G70F62X,junction,14.099,1.48,0.0,0.0,0.0,584257.25,6133242.02,False,False,False,original,0
G70F62Y,junction,13.589,1.99,0.0,0.0,0.0,584257.05,6133242.12,False,False,False,original,0
G70K340,junction,17.589,2.77,0.0,0.0,0.0,584305.99,6133071.98,False,False,False,original,0
G70R213,junction,26.0,1.5,0.0,0.0,0.0,583996.63,6132928.39,False,False,False,original,0
G70R214,junction,27.5,1.5,0.0,0.0,0.0,583958.0,6132947.97,False,False,False,original,0
G70S010,junction,15.149,4.8,0.0,0.0,0.0,584358.61,6133342.0,False,False,False,original,0
G70S020,junction,15.359,1.82,0.0,0.0,0.0,584300.7,6133387.84,False,False,False,original,0
G70S030,junction,15.559,1.62,0.0,0.0,0.0,584258.04,6133415.32,False,False,False,original,0
G70S040,junction,15.799,2.06,0.0,0.0,0.0,584224.86,6133430.33,False,False,False,original,0
G70S050,junction,17.479,1.17,0.0,0.0,0.0,584166.75,6133486.17,False,False,False,original,0
G70S060,junction,17.169,1.81,0.0,0.0,0.0,584160.22,6133463.02,False,False,False,original,0
G70S070,junction,17.799,1.25,0.0,0.0,0.0,584116.22,6133513.16,False,False,False,original,0
G70S080,junction,18.179,1.94,0.0,0.0,0.0,584052.78,6133549.2,False,False,False,original,0
G70S200,junction,18.689,1.12,0.0,0.0,0.0,584010.06,6133593.33,False,False,False,original,0
G70S210,junction,18.909,1.73,0.0,0.0,0.0,583955.3,6133619.55,False,False,False,original,0
G70S213,junction,25.7,1.8,0.0,0.0,0.0,583998.61,6132928.66,False,False,False,original,0
G70S214,junction,27.0,2.0,0.0,0.0,0.0,583959.45,6132949.3,False,False,False,original,0
G70S250,junction,19.299,3.62,0.0,0.0,0.0,583909.99,6133678.82,False,False,False,original,0
G71F010,junction,15.609,1.62,0.0,0.0,0.0,584355.85,6132897.72,False,False,False,original,0
G71F020,junction,15.819,1.63,0.0,0.0,0.0,584321.99,6132836.51,False,False,False,original,0
G71F030,junction,16.079,1.7,0.0,0.0,0.0,584291.26,6132781.88,False,False,False,original,0
G71F040,junction,16.279,2.21,0.0,0.0,0.0,584230.41,6132750.51,False,False,False,original,0
G71F041,junction,12.959,3.15,0.0,0.0,0.0,584191.63,6132469.4,False,False,False,original,0
G71F043,junction,13.209,2.2,0.0,0.0,0.0,584178.76,6132451.11,False,False,False,original,0
G71F044,junction,13.259,1.89,0.0,0.0,0.0,584174.22,6132436.75,False,False,False,original,0
G71F045,junction,13.429,1.77,0.0,0.0,0.0,584182.22,6132421.08,False,False,False,original,0
G71F046,junction,13.759,2.47,0.0,0.0,0.0,584187.89,6132397.78,False,False,False,original,0
G71F047,junction,14.169,1.31,0.0,0.0,0.0,584177.28,6132347.97,False,False,False,original,0
G71F048,junction,14.539,1.47,0.0,0.0,0.0,584175.48,6132313.21,False,False,False,original,0
G71F052,junction,15.919,2.0,0.0,0.0,0.0,584256.27,6132534.75,False,False,False,original,0
G71F053,junction,16.119,2.7,0.0,0.0,0.0,584301.2,6132493.11,False,False,False,original,0
G71F054,junction,21.219,1.2,0.0,0.0,0.0,584381.47,6132412.73,False,False,False,original,0
G71F056,junction,21.619,3.8,0.0,0.0,0.0,584347.04,6132383.06,False,False,False,original,0
G71F058,junction,23.819,1.1,0.0,0.0,0.0,584300.13,6132340.35,False,False,False,original,0
G71F060,junction,16.65,3.719,0.0,0.0,0.0,584115.48,6132676.0,False,False,False,original,0
G71F06R,junction,16.72,2.88,0.0,0.0,0.0,584101.12,6132664.23,False,False,False,original,0
G71F06R_ovl,junction,16.3,3.54,0.0,0.0,0.0,584100.24,6132660.91,False,False,False,original,0
G71F070,junction,16.82,2.979,0.0,0.0,0.0,584068.57,6132636.83,False,False,False,original,0
G71F100,junction,17.289,3.79,0.0,0.0,0.0,583952.18,6132612.98,False,False,False,original,0
G71F110,junction,17.389,4.38,0.0,0.0,0.0,583899.72,6132635.93,False,False,False,original,0
G71F120,junction,17.46,5.049,0.0,0.0,0.0,583842.69,6132659.5,False,False,False,original,0
G71F121,junction,20.219,2.57,0.0,0.0,0.0,583860.31,6132702.6,False,False,False,original,0
G71F122,junction,20.779,3.09,0.0,0.0,0.0,583880.5,6132747.54,False,False,False,original,0
G71F123,junction,21.969,2.69,0.0,0.0,0.0,583898.3,6132782.08,False,False,False,original,0
G71F124,junction,23.949,3.22,0.0,0.0,0.0,583922.12,6132832.33,False,False,False,original,0
G71F125,junction,24.939,2.59,0.0,0.0,0.0,583936.69,6132861.77,False,False,False,original,0
G71F126,junction,26.479,2.43,0.0,0.0,0.0,583876.96,6132890.77,False,False,False,original,0
G71F127,junction,24.139,2.62,0.0,0.0,0.0,583849.89,6132806.23,False,False,False,original,0
G71F128,junction,21.809,2.33,0.0,0.0,0.0,583811.73,6132726.82,False,False,False,original,0
G71F12P,junction,10.819,3.2,0.0,0.0,0.0,584244.06,6132548.73,False,False,True,original,0
G71F130,junction,17.51,4.869,0.0,0.0,0.0,583820.93,6132641.02,False,False,False,original,0
G71F140,junction,17.529,4.14,0.0,0.0,0.0,583797.89,6132589.07,False,False,False,original,0
G71F141,junction,17.569,3.93,0.0,0.0,0.0,583806.22,6132557.41,False,False,False,original,0
G71F142,junction,17.849,3.3,0.0,0.0,0.0,583801.48,6132497.99,False,False,False,original,0
G71F143,junction,18.02,3.019,0.0,0.0,0.0,583791.3,6132458.15,False,False,False,original,0
G71F144,junction,18.16,2.719,0.0,0.0,0.0,583781.31,6132419.58,False,False,False,original,0
G71F145,junction,18.319,2.53,0.0,0.0,0.0,583744.87,6132435.99,False,False,False,original,0
G71F146,junction,18.689,2.07,0.0,0.0,0.0,583708.26,6132449.16,False,False,False,original,0
G71F147,junction,18.069,3.19,0.0,0.0,0.0,583764.71,6132513.3,False,False,False,original,0
G71F148,junction,18.209,3.2,0.0,0.0,0.0,583727.45,6132528.28,False,False,False,original,0
G71F160,junction,17.629,4.08,0.0,0.0,0.0,583743.85,6132612.08,False,False,False,original,0
G71F170,junction,17.759,3.13,0.0,0.0,0.0,583667.92,6132640.31,False,False,False,original,0
G71F171,junction,17.719,2.67,0.0,0.0,0.0,583662.71,6132608.62,False,False,False,original,0
G71F172,junction,17.839,1.92,0.0,0.0,0.0,583659.02,6132554.83,False,False,False,original,0
G71F173,junction,18.009,1.82,0.0,0.0,0.0,583658.44,6132501.14,False,False,False,original,0
G71F174,junction,18.349,1.66,0.0,0.0,0.0,583656.68,6132450.27,False,False,False,original,0
G71F175,junction,18.559,1.17,0.0,0.0,0.0,583600.99,6132451.98,False,False,False,original,0
G71F176,junction,18.599,1.9,0.0,0.0,0.0,583685.61,6132449.72,False,False,False,original,0
G71F177,junction,18.809,2.21,0.0,0.0,0.0,583704.16,6132537.91,False,False,False,original,0
G71F180,junction,17.819,2.6,0.0,0.0,0.0,583626.16,6132659.56,False,False,False,original,0
G71F190,junction,18.009,2.32,0.0,0.0,0.0,583594.9,6132693.93,False,False,False,original,0
G71F200,junction,18.279,2.25,0.0,0.0,0.0,583543.79,6132786.67,False,False,False,original,0
G71F265,junction,16.85,2.69,0.0,0.0,0.0,584062.82,6132631.09,False,False,False,original,0
G71F280,junction,17.099,2.7,0.0,0.0,0.0,584079.88,6132677.52,False,False,False,original,0
G71F290,junction,17.099,2.79,0.0,0.0,0.0,584066.68,6132687.25,False,False,False,original,0
G71F300,junction,17.339,3.15,0.0,0.0,0.0,584086.23,6132725.53,False,False,False,original,0
G71F301,junction,18.289,1.9,0.0,0.0,0.0,584041.48,6132747.74,False,False,False,original,0
G71F302,junction,19.399,1.18,0.0,0.0,0.0,583997.05,6132769.86,False,False,False,original,0
G71F303,junction,19.619,3.0,0.0,0.0,0.0,583976.82,6132781.45,False,False,False,original,0
G71F304,junction,17.519,1.87,0.0,0.0,0.0,584106.15,6132714.04,False,False,False,original,0
G71F305,junction,19.899,2.76,0.0,0.0,0.0,584028.04,6132828.5,False,False,False,original,0
G71F306,junction,20.869,3.56,0.0,0.0,0.0,584057.38,6132889.47,False,False,False,original,0
G71F310,junction,17.629,2.78,0.0,0.0,0.0,584110.91,6132776.13,False,False,False,original,0
G71F311,junction,17.829,2.71,0.0,0.0,0.0,584136.07,6132827.68,False,False,False,original,0
G71F312,junction,18.239,2.64,0.0,0.0,0.0,584162.34,6132881.35,False,False,False,original,0
G71F313,junction,18.349,2.0,0.0,0.0,0.0,584204.36,6132885.29,False,False,False,original,0
G71F314,junction,18.589,1.29,0.0,0.0,0.0,584251.36,6132899.69,False,False,False,original,0
G71F315,junction,19.879,2.77,0.0,0.0,0.0,584089.89,6132879.03,False,False,False,original,0
G71F350,junction,19.729,3.39,0.0,0.0,0.0,583807.17,6132673.94,False,False,False,original,0
G71F360,junction,21.639,2.04,0.0,0.0,0.0,583763.98,6132693.52,False,False,False,original,0
G71F370,junction,22.659,2.48,0.0,0.0,0.0,583787.8,6132743.9,False,False,False,original,0
G71F380,junction,24.399,2.83,0.0,0.0,0.0,583813.95,6132798.43,False,False,False,original,0
G71F390,junction,25.799,2.69,0.0,0.0,0.0,583829.34,6132843.0,False,False,False,original,0
G71F391,junction,26.639,2.65,0.0,0.0,0.0,583842.42,6132884.7,False,False,False,original,0
G71F392,junction,27.109,2.7,0.0,0.0,0.0,583861.75,6132930.65,False,False,False,original,0
G71F393,junction,27.179,2.48,0.0,0.0,0.0,583760.34,6132874.78,False,False,False,original,0
G71F394,junction,28.419,2.36,0.0,0.0,0.0,583785.16,6132929.71,False,False,False,original,0
G71O020,junction,11.129,4.29,0.0,0.0,0.0,584240.62,6132552.48,False,False,False,original,0
G71R062,junction,13.0,4.0,0.0,0.0,0.0,584090.19,6132608.87,False,False,False,original,0
G71R070,junction,18.919,0.699999999999999,0.0,0.0,0.0,584046.9,6132633.79,False,False,False,original,0
G71R080,junction,20.149,0.669999999999998,0.0,0.0,0.0,583999.55,6132654.22,False,False,False,original,0
G71R090,junction,20.169,0.75,0.0,0.0,0.0,583977.3,6132651.44,False,False,False,original,0
G71R110,junction,20.229,1.59,0.0,0.0,0.0,583937.12,6132669.63,False,False,False,original,0
G71R130,junction,20.269,1.75,0.0,0.0,0.0,583905.89,6132685.86,False,False,False,original,0
G71R131,junction,21.169,1.85,0.0,0.0,0.0,583930.92,6132736.14,False,False,False,original,0
G71R132,junction,22.569,2.55,0.0,0.0,0.0,583963.98,6132803.29,False,False,False,original,0
G71R133,junction,22.57,2.549,0.0,0.0,0.0,583993.36,6132863.7,False,False,False,original,0
G71R134,junction,25.47,1.549,0.0,0.0,0.0,584024.13,6132925.55,False,False,False,original,0
G72F010,junction,18.22,2.539,0.0,0.0,0.0,583518.39,6132813.35,False,False,False,original,0
G72F011,junction,19.719,2.54,0.0,0.0,0.0,583572.34,6132807.39,False,False,False,original,0
G72F012,junction,19.979,2.36,0.0,0.0,0.0,583633.53,6132747.62,False,False,False,original,0
G72F013,junction,20.739,2.86,0.0,0.0,0.0,583708.62,6132707.96,False,False,False,original,0
G72F014,junction,21.149,2.62,0.0,0.0,0.0,583758.68,6132685.42,False,False,False,original,0
G72F015,junction,21.459,2.08,0.0,0.0,0.0,583785.5,6132673.9,False,False,False,original,0
G72F020,junction,18.09,3.969,0.0,0.0,0.0,583538.91,6132866.02,False,False,False,original,0
G72F030,junction,18.629,3.44,0.0,0.0,0.0,583491.87,6132931.77,False,False,False,original,0
G72F040,junction,19.279,2.96,0.0,0.0,0.0,583430.23,6133014.54,False,False,False,original,0
G72F050,junction,19.419,2.87,0.0,0.0,0.0,583418.36,6133031.37,False,False,False,original,0
G72F060,junction,19.739,2.91,0.0,0.0,0.0,583380.13,6133068.41,False,False,False,original,0
G72F061,junction,21.429,1.62,0.0,0.0,0.0,583348.74,6133089.91,False,False,False,original,0
G72F062,junction,22.049,2.3,0.0,0.0,0.0,583360.11,6133121.13,False,False,False,original,0
G72F063,junction,22.589,2.76,0.0,0.0,0.0,583367.59,6133147.28,False,False,False,original,0
G72F065,junction,22.909,2.44,0.0,0.0,0.0,583364.33,6133160.21,False,False,False,original,0
G72F066,junction,23.109,2.36,0.0,0.0,0.0,583374.05,6133174.4,False,False,False,original,0
G72F067,junction,23.899,1.39,0.0,0.0,0.0,583382.51,6133201.57,False,False,False,original,0
G72F068,junction,24.579,2.75,0.0,0.0,0.0,583458.37,6133258.07,False,False,False,original,0
G72F069,junction,25.049,2.94,0.0,0.0,0.0,583511.6,6133296.63,False,False,False,original,0
G72F070,junction,20.039,3.17,0.0,0.0,0.0,583328.91,6133098.28,False,False,False,original,0
G72F071,junction,25.359,3.06,0.0,0.0,0.0,583581.36,6133350.63,False,False,False,original,0
G72F080,junction,20.139,3.79,0.0,0.0,0.0,583269.25,6133112.98,False,False,False,original,0
G72F081,junction,23.439,2.07,0.0,0.0,0.0,583336.09,6133172.65,False,False,False,original,0
G72F082,junction,23.859,2.25,0.0,0.0,0.0,583358.64,6133195.09,False,False,False,original,0
G72F083,junction,24.979,2.02,0.0,0.0,0.0,583413.77,6133238.19,False,False,False,original,0
G72F084,junction,26.269,2.51,0.0,0.0,0.0,583512.31,6133311.14,False,False,False,original,0
G72F085,junction,26.789,2.4,0.0,0.0,0.0,583568.35,6133352.05,False,False,False,original,0
G72F086,junction,27.449,2.09,0.0,0.0,0.0,583598.18,6133374.29,False,False,False,original,0
G72F090,junction,20.739,3.46,0.0,0.0,0.0,583210.45,6133124.2,False,False,False,original,0
G72F091,junction,24.559,1.46,0.0,0.0,0.0,583147.48,6133205.75,False,False,False,original,0
G72F092,junction,26.64,1.659,0.0,0.0,0.0,583110.62,6133258.3,False,False,False,original,0
G72F093,junction,28.679,1.7,0.0,0.0,0.0,583062.67,6133325.3,False,False,False,original,0
G72F095,junction,20.769,3.49,0.0,0.0,0.0,583204.32,6133125.35,False,False,False,original,0
G72F100,junction,21.189,3.33,0.0,0.0,0.0,583152.69,6133130.97,False,False,False,original,0
G72F101,junction,22.529,2.27,0.0,0.0,0.0,583092.39,6133108.8,False,False,False,original,0
G72F110,junction,21.709,3.48,0.0,0.0,0.0,583067.71,6133141.45,False,False,False,original,0
G72F111,junction,21.9,3.3,0.0,0.0,0.0,583082.88,6133145.83,False,False,False,original,0
G72F120,junction,22.129,3.68,0.0,0.0,0.0,583013.77,6133161.98,False,False,False,original,0
G72F250,junction,19.499,1.45,0.0,0.0,0.0,583514.28,6132819.61,False,False,False,original,0
G72F252,junction,20.16,1.149,0.0,0.0,0.0,583470.66,6132876.32,False,False,False,original,0
G72F253,junction,20.92,0.888999999999999,0.0,0.0,0.0,583455.79,6132939.25,False,False,False,original,0
G72F257,junction,21.119,0.899999999999999,0.0,0.0,0.0,583420.68,6132954.1,False,False,False,original,0
G72F260,junction,19.759,2.28,0.0,0.0,0.0,583532.04,6132868.58,False,False,False,original,0
G72F270,junction,19.979,2.12,0.0,0.0,0.0,583487.91,6132929.7,False,False,False,original,0
G72F280,junction,20.299,1.92,0.0,0.0,0.0,583441.66,6132992.77,False,False,False,original,0
G72F281,junction,20.619,1.9,0.0,0.0,0.0,583400.21,6133043.68,False,False,False,original,0
G72F290,junction,20.679,1.82,0.0,0.0,0.0,583392.2,6133052.32,False,False,False,original,0
G72F300,junction,21.019,2.1,0.0,0.0,0.0,583329.73,6133093.05,False,False,False,original,0
G72F310,junction,21.199,2.43,0.0,0.0,0.0,583284.67,6133106.34,False,False,False,original,0
G72F311,junction,25.309,1.9,0.0,0.0,0.0,583216.27,6133050.01,False,False,False,original,0
G72F312,junction,29.129,2.35,0.0,0.0,0.0,583161.38,6132979.55,False,False,False,original,0
G72F313,junction,32.979,0.939999999999998,0.0,0.0,0.0,583113.36,6132915.16,False,False,False,original,0
G72F314,junction,30.119,1.17,0.0,0.0,0.0,583158.72,6132991.13,False,False,False,original,0
G72F315,junction,31.079,1.72,0.0,0.0,0.0,583129.51,6132951.55,False,False,False,original,0
G72F316,junction,32.619,1.98,0.0,0.0,0.0,583101.27,6132913.99,False,False,False,original,0
G72F317,junction,33.909,2.92,0.0,0.0,0.0,583055.96,6132854.93,False,False,False,original,0
G72F320,junction,21.279,2.7,0.0,0.0,0.0,583265.1,6133108.98,False,False,False,original,0
G72F330,junction,22.059,2.21,0.0,0.0,0.0,583205.84,6133118.38,False,False,False,original,0
G72F331,junction,22.729,1.36,0.0,0.0,0.0,583187.66,6133094.7,False,False,False,original,0
G72F332,junction,23.459,2.45,0.0,0.0,0.0,583169.08,6133073.33,False,False,False,original,0
G72F333,junction,26.079,3.16,0.0,0.0,0.0,583146.69,6133042.88,False,False,False,original,0
G72F334,junction,27.939,2.65,0.0,0.0,0.0,583109.61,6132997.15,False,False,False,original,0
G72F335,junction,28.359,3.42,0.0,0.0,0.0,583088.5,6133002.73,False,False,False,original,0
G72F336,junction,29.819,2.67,0.0,0.0,0.0,583044.3,6133012.85,False,False,False,original,0
G72F337,junction,22.659,2.13,0.0,0.0,0.0,583135.98,6133128.66,False,False,False,original,0
G72F350,junction,23.999,1.86,0.0,0.0,0.0,582991.88,6133184.79,False,False,False,original,0
G72F360,junction,24.779,1.97,0.0,0.0,0.0,582928.32,6133213.52,False,False,False,original,0
G72F370,junction,25.589,2.14,0.0,0.0,0.0,582863.75,6133242.23,False,False,False,original,0
G72F380,junction,26.379,2.38,0.0,0.0,0.0,582798.33,6133271.11,False,False,False,original,0
G72F390,junction,27.109,2.13,0.0,0.0,0.0,582734.41,6133300.19,False,False,False,original,0
G72F410,junction,27.889,1.9,0.0,0.0,0.0,582671.11,6133327.66,False,False,False,original,0
G72F420,junction,28.959,2.0,0.0,0.0,0.0,582605.5,6133355.52,False,False,False,original,0
G72F430,junction,30.029,0.93,0.0,0.0,0.0,582541.58,6133383.25,False,False,False,original,0
G72F440,junction,32.089,2.28,0.0,0.0,0.0,582478.76,6133411.79,False,False,False,original,0
G72F460,junction,32.149,2.22,0.0,0.0,0.0,582415.04,6133439.74,False,False,False,original,0
G72F470,junction,33.359,2.09,0.0,0.0,0.0,582340.68,6133471.79,False,False,False,original,0
G72F480,junction,34.379,1.92,0.0,0.0,0.0,582276.55,6133499.98,False,False,False,original,0
G72F490,junction,34.709,2.83,0.0,0.0,0.0,582212.55,6133527.68,False,False,False,original,0
G72F491,junction,35.109,2.86,0.0,0.0,0.0,582148.28,6133556.15,False,False,False,original,0
G72F492,junction,35.429,2.79,0.0,0.0,0.0,582082.82,6133584.72,False,False,False,original,0
G72F493,junction,35.509,2.91,0.0,0.0,0.0,582060.75,6133594.42,False,False,False,original,0
G72F494,junction,35.679,3.03,0.0,0.0,0.0,582020.4,6133612.31,False,False,False,original,0
G72F550,junction,18.97,1.359,0.0,0.0,0.0,583493.42,6132772.75,False,False,False,original,0
G72F561,junction,19.259,1.02,0.0,0.0,0.0,583484.29,6132734.49,False,False,False,original,0
G72F562,junction,21.069,1.13,0.0,0.0,0.0,583417.12,6132697.06,False,False,False,original,0
G72F570,junction,19.339,2.35,0.0,0.0,0.0,583459.47,6132740.49,False,False,False,original,0
G72F580,junction,21.269,2.57,0.0,0.0,0.0,583418.15,6132732.02,False,False,False,original,0
G72F581,junction,22.499,1.85,0.0,0.0,0.0,583406.91,6132775.18,False,False,False,original,0
G72F582,junction,23.659,2.25,0.0,0.0,0.0,583358.01,6132788.9,False,False,False,original,0
G72F583,junction,23.819,2.21,0.0,0.0,0.0,583359.02,6132797.04,False,False,False,original,0
G72F584,junction,24.589,2.54,0.0,0.0,0.0,583303.75,6132794.85,False,False,False,original,0
G72F585,junction,24.969,2.71,0.0,0.0,0.0,583256.04,6132800.93,False,False,False,original,0
G72F586,junction,26.639,2.71,0.0,0.0,0.0,583209.25,6132806.41,False,False,False,original,0
G72F587,junction,28.149,2.53,0.0,0.0,0.0,583165.4,6132811.8,False,False,False,original,0
G72F588,junction,28.479,2.5,0.0,0.0,0.0,583173.83,6132837.34,False,False,False,original,0
G72F590,junction,23.769,2.5,0.0,0.0,0.0,583363.72,6132723.15,False,False,False,original,0
G72F610,junction,24.769,2.35,0.0,0.0,0.0,583308.13,6132719.54,False,False,False,original,0
G72F620,junction,25.219,2.48,0.0,0.0,0.0,583260.27,6132725.37,False,False,False,original,0
G72F630,junction,26.039,2.05,0.0,0.0,0.0,583212.53,6132733.16,False,False,False,original,0
G72F631,junction,27.599,1.28,0.0,0.0,0.0,583153.24,6132740.11,False,False,False,original,0
G72F632,junction,27.959,1.92,0.0,0.0,0.0,583159.45,6132785.86,False,False,False,original,0
G72F633,junction,28.199,1.35,0.0,0.0,0.0,583128.71,6132742.43,False,False,False,original,0
G72F636,junction,30.909,2.3,0.0,0.0,0.0,583082.34,6132785.61,False,False,False,original,0
G72F637,junction,30.689,2.13,0.0,0.0,0.0,583044.97,6132754.75,False,False,False,original,0
G72F640,junction,21.999,2.47,0.0,0.0,0.0,583196.04,6133153.44,False,False,False,original,0
G72F642,junction,28.319,2.14,0.0,0.0,0.0,583098.29,6132742.15,False,False,False,original,0
G72F644,junction,28.469,2.42,0.0,0.0,0.0,583078.77,6132738.36,False,False,False,original,0
G72F645,junction,28.559,2.77,0.0,0.0,0.0,583059.23,6132740.47,False,False,False,original,0
G72F646,junction,28.639,3.75,0.0,0.0,0.0,583043.81,6132741.67,False,False,False,original,0
G72F647,junction,28.919,1.56,0.0,0.0,0.0,583040.31,6132721.3,False,False,False,original,0
G72F648,junction,28.659,3.25,0.0,0.0,0.0,583033.61,6132742.56,False,False,False,original,0
G72F660,junction,19.099,2.85,0.0,0.0,0.0,583558.57,6132846.11,False,False,False,original,0
G72F661,junction,20.619,1.36,0.0,0.0,0.0,583582.18,6132815.59,False,False,False,original,0
G72F662,junction,20.819,1.21,0.0,0.0,0.0,583623.33,6132770.22,False,False,False,original,0
G72F663,junction,21.679,1.23,0.0,0.0,0.0,583664.44,6132740.78,False,False,False,original,0
G72F664,junction,22.079,1.3,0.0,0.0,0.0,583707.95,6132718.34,False,False,False,original,0
G72F665,junction,19.309,3.44,0.0,0.0,0.0,583584.4,6132853.51,False,False,False,original,0
G72F670,junction,19.529,3.22,0.0,0.0,0.0,583606.29,6132860.06,False,False,False,original,0
G72F671,junction,20.099,2.78,0.0,0.0,0.0,583589.94,6132927.73,False,False,False,original,0
G72F672,junction,20.479,3.14,0.0,0.0,0.0,583632.98,6132925.59,False,False,False,original,0
G72F673,junction,22.359,3.99,0.0,0.0,0.0,583673.86,6132931.4,False,False,False,original,0
G72F674,junction,24.419,2.85,0.0,0.0,0.0,583674.48,6132950.41,False,False,False,original,0
G72F675,junction,19.819,2.62,0.0,0.0,0.0,583608.51,6132849.11,False,False,False,original,0
G72F676,junction,21.069,3.51,0.0,0.0,0.0,583666.6,6132844.26,False,False,False,original,0
G72F677,junction,21.419,2.67,0.0,0.0,0.0,583665.24,6132812.24,False,False,False,original,0
G72F678,junction,22.369,3.11,0.0,0.0,0.0,583670.62,6132893.34,False,False,False,original,0
G72F710,junction,20.299,1.76,0.0,0.0,0.0,583475.48,6132959.76,False,False,False,original,0
G72F720,junction,20.519,2.41,0.0,0.0,0.0,583518.02,6132981.07,False,False,False,original,0
G72F730,junction,21.029,2.63,0.0,0.0,0.0,583571.7,6133003.41,False,False,False,original,0
G72F740,junction,22.129,3.08,0.0,0.0,0.0,583615.12,6133019.22,False,False,False,original,0
G72F760,junction,24.269,3.57,0.0,0.0,0.0,583661.56,6133024.64,False,False,False,original,0
G72F766,junction,24.739,2.59,0.0,0.0,0.0,583646.03,6133081.61,False,False,False,original,0
G72F767,junction,25.589,2.64,0.0,0.0,0.0,583678.96,6132976.5,False,False,False,original,0
G72F768,junction,30.289,1.57,0.0,0.0,0.0,583725.92,6132978.43,False,False,False,original,0
G72F770,junction,28.599,2.48,0.0,0.0,0.0,583720.06,6133021.31,False,False,False,original,0
G72F771,junction,29.199,3.26,0.0,0.0,0.0,583780.13,6133017.51,False,False,False,original,0
G72F772,junction,29.319,3.26,0.0,0.0,0.0,583790.47,6133016.9,False,False,False,original,0
G72F773,junction,29.909,1.65,0.0,0.0,0.0,583787.27,6132957.86,False,False,False,original,0
G72F774,junction,30.529,2.86,0.0,0.0,0.0,583783.79,6133067.55,False,False,False,original,0
G72F800,junction,21.849,2.8,0.0,0.0,0.0,583374.36,6133006.9,False,False,False,original,0
G72F810,junction,22.879,2.85,0.0,0.0,0.0,583348.37,6132993.69,False,False,False,original,0
G72F811,junction,23.659,2.62,0.0,0.0,0.0,583315.36,6132988.35,False,False,False,original,0
G72F812,junction,24.539,2.93,0.0,0.0,0.0,583276.31,6133006.07,False,False,False,original,0
G72F813,junction,25.619,2.64,0.0,0.0,0.0,583258.68,6132947.83,False,False,False,original,0
G72F814,junction,24.769,2.1,0.0,0.0,0.0,583283.88,6133027.62,False,False,False,original,0
G72F820,junction,23.369,2.76,0.0,0.0,0.0,583337.37,6132947.79,False,False,False,original,0
G72F821,junction,23.779,1.27,0.0,0.0,0.0,583355.7,6132896.06,False,False,False,original,0
G72F830,junction,23.639,3.15,0.0,0.0,0.0,583305.18,6132932.25,False,False,False,original,0
G72F831,junction,25.429,2.75,0.0,0.0,0.0,583259.95,6132919.15,False,False,False,original,0
G72F832,junction,26.839,2.85,0.0,0.0,0.0,583216.27,6132907.99,False,False,False,original,0
G72F833,junction,27.899,2.72,0.0,0.0,0.0,583195.16,6132878.47,False,False,False,original,0
G72F834,junction,23.909,2.22,0.0,0.0,0.0,583311.95,6132888.39,False,False,False,original,0
G72F835,junction,24.389,2.07,0.0,0.0,0.0,583308.13,6132834.32,False,False,False,original,0
G72F870,junction,20.269,2.58,0.0,0.0,0.0,583426.25,6133074.62,False,False,False,original,0
G72F871,junction,21.829,2.38,0.0,0.0,0.0,583449.21,6133115.91,False,False,False,original,0
G72F872,junction,22.299,3.58,0.0,0.0,0.0,583451.85,6133133.96,False,False,False,original,0
G72F873,junction,22.909,2.69,0.0,0.0,0.0,583463.86,6133183.19,False,False,False,original,0
G72F874,junction,23.159,2.71,0.0,0.0,0.0,583448.37,6133207.88,False,False,False,original,0
G72F880,junction,21.659,2.2,0.0,0.0,0.0,583491.1,6133096.09,False,False,False,original,0
G72F890,junction,22.179,2.49,0.0,0.0,0.0,583541.31,6133100.08,False,False,False,original,0
G72F891,junction,22.869,3.27,0.0,0.0,0.0,583586.96,6133104.37,False,False,False,original,0
G72F892,junction,24.689,3.18,0.0,0.0,0.0,583630.77,6133107.59,False,False,False,original,0
G72F893,junction,23.789,2.5,0.0,0.0,0.0,583597.88,6133152.06,False,False,False,original,0
G72F894,junction,24.719,1.57,0.0,0.0,0.0,583609.2,6133206.24,False,False,False,original,0
G72K010,junction,18.25,2.509,0.0,0.0,0.0,583520.74,6132817.17,False,False,False,original,0
G72K050,junction,19.57,2.719,0.0,0.0,0.0,583403.6,6133046.0,False,False,False,original,0
G72K060,junction,19.92,2.999,0.0,0.0,0.0,583345.96,6133087.76,False,False,False,original,0
G72K100,junction,21.5,3.419,0.0,0.0,0.0,583100.82,6133136.96,False,False,False,original,0
G72K257,junction,20.919,1.0,0.0,0.0,0.0,583440.08,6132954.01,False,False,False,original,0
G72K258,junction,21.119,1.0,0.0,0.0,0.0,583418.66,6132978.21,False,False,False,original,0
G72K293,junction,35.939,1.0,0.0,0.0,0.0,582646.51,6133606.86,False,False,False,original,0
G72K312,junction,28.76,2.659,0.0,0.0,0.0,583166.63,6132985.63,False,False,False,original,0
G72K330,junction,22.12,2.199,0.0,0.0,0.0,583192.14,6133120.78,False,False,False,original,0
G72K332,junction,23.72,5.699,0.0,0.0,0.0,583189.44,6133055.73,False,False,False,original,0
G72K560,junction,19.089,1.58,0.0,0.0,0.0,583482.14,6132760.89,False,False,False,original,0
G72K561,junction,19.509,1.25,0.0,0.0,0.0,583481.31,6132723.22,False,False,False,original,0
G72K562,junction,19.879,1.36,0.0,0.0,0.0,583470.25,6132710.34,False,False,False,original,0
G72K563,junction,20.469,1.25,0.0,0.0,0.0,583444.64,6132700.54,False,False,False,original,0
G72K634,junction,29.5,1.369,0.0,0.0,0.0,583079.26,6132748.96,False,False,False,original,0
G72K875,junction,23.159,2.71,0.0,0.0,0.0,583430.8,6133227.71,False,False,False,original,0
G72K882,junction,24.619,2.61,0.0,0.0,0.0,583488.04,6133124.08,False,False,False,original,0
G72R150,junction,23.759,3.32,0.0,0.0,0.0,582915.31,6133238.04,False,False,False,original,0
G72R155,junction,24.559,2.66,0.0,0.0,0.0,582882.39,6133253.27,False,False,False,original,0
G72R160,junction,24.019,2.6,0.0,0.0,0.0,582932.77,6133242.53,False,False,False,original,0
G72R161,junction,25.589,1.38,0.0,0.0,0.0,582950.74,6133277.56,False,False,False,original,0
G72R165,junction,25.419,2.8,0.0,0.0,0.0,582854.67,6133266.09,False,False,False,original,0
G72R170,junction,27.239,1.82,0.0,0.0,0.0,582802.04,6133289.93,False,False,False,original,0
G72R171,junction,28.399,1.8,0.0,0.0,0.0,582821.16,6133332.07,False,False,False,original,0
G72R180,junction,29.789,1.81,0.0,0.0,0.0,582840.85,6133376.38,False,False,False,original,0
G72R190,junction,31.139,1.83,0.0,0.0,0.0,582851.19,6133426.51,False,False,False,original,0
G72R200,junction,24.959,1.71,0.0,0.0,0.0,582950.33,6133232.55,False,False,False,original,0
G72R201,junction,25.509,1.0,0.0,0.0,0.0,582972.76,6133271.2,False,False,False,original,0
G72R202,junction,26.199,1.39,0.0,0.0,0.0,582997.59,6133319.59,False,False,False,original,0
G72R203,junction,26.479,1.4,0.0,0.0,0.0,582984.83,6133327.93,False,False,False,original,0
G72R204,junction,27.769,1.38,0.0,0.0,0.0,583031.22,6133368.35,False,False,False,original,0
G72R205,junction,28.049,1.36,0.0,0.0,0.0,583020.54,6133377.24,False,False,False,original,0
G72R210,junction,31.549,1.97,0.0,0.0,0.0,582881.98,6133475.31,False,False,False,original,0
G72R211,junction,31.21,2.82,0.0,0.0,0.0,582918.17,6133532.15,False,False,False,original,0
G72R220,junction,31.999,2.4,0.0,0.0,0.0,582848.5,6133501.34,False,False,False,original,0
G72R240,junction,32.139,2.36,0.0,0.0,0.0,582831.2,6133473.74,False,False,False,original,0
G72R260,junction,32.479,1.27,0.0,0.0,0.0,582801.59,6133426.61,False,False,False,original,0
G72R270,junction,33.559,1.5,0.0,0.0,0.0,582751.76,6133469.53,False,False,False,original,0
G72R271,junction,34.559,1.45,0.0,0.0,0.0,582785.63,6133510.58,False,False,False,original,0
G72R272,junction,34.769,1.43,0.0,0.0,0.0,582794.21,6133518.01,False,False,False,original,0
G72R280,junction,33.929,1.7,0.0,0.0,0.0,582721.58,6133495.67,False,False,False,original,0
G72R290,junction,34.409,1.42,0.0,0.0,0.0,582680.69,6133530.39,False,False,False,original,0
G72R291,junction,34.969,1.37,0.0,0.0,0.0,582637.68,6133567.24,False,False,False,original,0
G72R292,junction,35.369,1.7,0.0,0.0,0.0,582602.7,6133597.01,False,False,False,original,0
G72R293,junction,35.739,1.47000000000001,0.0,0.0,0.0,582621.79,6133625.36,False,False,False,original,0
G72R294,junction,35.989,1.55,0.0,0.0,0.0,582636.15,6133645.95,False,False,False,original,0
G72R295,junction,36.119,1.49,0.0,0.0,0.0,582640.94,6133656.15,False,False,False,original,0
G72R310,junction,33.599,2.71,0.0,0.0,0.0,582814.15,6133527.84,False,False,False,original,0
G72R320,junction,34.129,2.49,0.0,0.0,0.0,582812.58,6133541.52,False,False,False,original,0
G72R330,junction,34.699,2.23,0.0,0.0,0.0,582788.89,6133561.39,False,False,False,original,0
G72R332,junction,35.439,1.75,0.0,0.0,0.0,582811.8,6133586.48,False,False,False,original,0
G72R333,junction,36.219,1.15,0.0,0.0,0.0,582835.96,6133616.04,False,False,False,original,0
G72R334,junction,35.409,0.810000000000002,0.0,0.0,0.0,582765.91,6133536.14,False,False,False,original,0
G72R335,junction,35.689,0.689999999999998,0.0,0.0,0.0,582745.29,6133520.37,False,False,False,original,0
G72R340,junction,35.139,2.3,0.0,0.0,0.0,582754.97,6133587.98,False,False,False,original,0
G72R34X,junction,30.07,2.05,0.0,0.0,0.0,583044.91,6134337.7,False,False,False,original,0
G72R360,junction,35.379,2.49,0.0,0.0,0.0,582750.95,6133619.26,False,False,False,original,0
G72R370,junction,35.709,2.44,0.0,0.0,0.0,582703.98,6133658.0,False,False,False,original,0
G72R380,junction,35.809,2.31,0.0,0.0,0.0,582693.26,6133656.84,False,False,False,original,0
G72R390,junction,36.139,1.56,0.0,0.0,0.0,582655.62,6133689.67,False,False,False,original,0
G72R410,junction,31.26,3.01,0.0,0.0,0.0,582923.08,6133541.16,False,False,False,original,0
G72R470,junction,28.56,4.43,0.0,0.0,0.0,583176.0,6133934.52,False,False,False,original,0
G72R480,junction,29.12,3.91,0.0,0.0,0.0,583259.7,6133899.6,False,False,False,original,0
G72R490,junction,29.55,5.17,0.0,0.0,0.0,583292.98,6133815.75,False,False,False,original,0
G72R510,junction,30.48,4.89,0.0,0.0,0.0,583326.4,6133731.84,False,False,False,original,0
G72R52X,junction,30.08,5.2,0.0,0.0,0.0,583350.59,6133670.37,False,False,False,original,0
G72R530,junction,29.91,5.9,0.0,0.0,0.0,583248.24,6133664.61,False,False,False,original,0
G72R540,junction,29.7,6.33,0.0,0.0,0.0,583236.04,6133625.51,False,False,False,original,0
G72R542,junction,34.08,1.93,0.0,0.0,0.0,583192.25,6133595.52,False,False,False,original,0
G72R543,junction,33.95,1.77999999999999,0.0,0.0,0.0,583155.21,6133609.47,False,False,False,original,0
G72R560,junction,29.24,6.06,0.0,0.0,0.0,583157.26,6133567.3,False,False,False,original,0
G72R570,junction,28.99,5.5,0.0,0.0,0.0,583116.18,6133537.83,False,False,False,original,0
G72R580,junction,28.68,4.9,0.0,0.0,0.0,583078.23,6133490.41,False,False,False,original,0
G72R641,junction,23.919,2.96,0.0,0.0,0.0,583202.67,6133218.55,False,False,False,original,0
G72R642,junction,25.089,2.24,0.0,0.0,0.0,583222.96,6133220.43,False,False,False,original,0
G72R643,junction,25.32,1.999,0.0,0.0,0.0,583217.71,6133243.28,False,False,False,original,0
G72R644,junction,25.509,2.16,0.0,0.0,0.0,583204.77,6133246.56,False,False,False,original,0
G72R645,junction,25.999,1.95,0.0,0.0,0.0,583179.78,6133230.65,False,False,False,original,0
G72R646,junction,25.689,2.43,0.0,0.0,0.0,583202.25,6133271.9,False,False,False,original,0
G72R647,junction,25.789,2.74,0.0,0.0,0.0,583194.96,6133292.97,False,False,False,original,0
G72R648,junction,26.079,2.88,0.0,0.0,0.0,583183.25,6133310.7,False,False,False,original,0
G72R649,junction,26.549,3.39,0.0,0.0,0.0,583172.74,6133325.74,False,False,False,original,0
G72R650,junction,27.57,1.899,0.0,0.0,0.0,583132.33,6133298.26,False,False,False,original,0
G72R651,junction,27.759,2.71,0.0,0.0,0.0,583141.3,6133371.06,False,False,False,original,0
G72R652,junction,28.07,2.629,0.0,0.0,0.0,583140.64,6133386.82,False,False,False,original,0
G72R653,junction,29.019,2.02,0.0,0.0,0.0,583150.53,6133400.29,False,False,False,original,0
G72R654,junction,30.199,1.51,0.0,0.0,0.0,583189.33,6133434.65,False,False,False,original,0
G72R655,junction,26.359,2.97,0.0,0.0,0.0,583208.0,6133325.61,False,False,False,original,0
G72R656,junction,26.929,2.31,0.0,0.0,0.0,583278.29,6133355.76,False,False,False,original,0
G72R657,junction,28.669,2.15,0.0,0.0,0.0,583250.77,6133414.35,False,False,False,original,0
G72R658,junction,29.929,2.25,0.0,0.0,0.0,583218.77,6133458.46,False,False,False,original,0
G72R659,junction,30.949,1.57,0.0,0.0,0.0,583242.62,6133476.11,False,False,False,original,0
G72R661,junction,29.7,1.5,0.0,0.0,0.0,583095.74,6133351.38,False,False,False,original,0
G72R662,junction,27.0,1.5,0.0,0.0,0.0,583162.86,6133256.07,False,False,False,original,0
G72R820,junction,29.57,4.61,0.0,0.0,0.0,583010.69,6132756.06,False,False,False,original,0
G72R830,junction,29.79,5.12,0.0,0.0,0.0,582996.07,6132772.33,False,False,False,original,0
G72R840,junction,30.07,5.48,0.0,0.0,0.0,583017.46,6132798.38,False,False,False,original,0
G72R860,junction,30.53,6.05,0.0,0.0,0.0,583039.95,6132826.04,False,False,False,original,0
G72R870,junction,30.93,5.41,0.0,0.0,0.0,583031.28,6132838.0,False,False,False,original,0
G72R880,junction,31.25,3.31,0.0,0.0,0.0,582960.3,6132840.84,False,False,False,original,0
G72R890,junction,31.8,3.58,0.0,0.0,0.0,582960.67,6132878.2,False,False,False,original,0
G72R891,junction,32.0,3.65,0.0,0.0,0.0,582940.85,6132881.57,False,False,False,original,0
G72R892,junction,33.0,2.76,0.0,0.0,0.0,582948.97,6132920.64,False,False,False,original,0
G72R893,junction,32.93,3.04,0.0,0.0,0.0,583003.58,6132877.34,False,False,False,original,0
G72R894,junction,33.75,1.88,0.0,0.0,0.0,583010.91,6132911.76,False,False,False,original,0
G72S810,junction,28.96,3.78,0.0,0.0,0.0,583043.68,6132749.68,False,False,False,original,0
G72UD11,junction,28.72,6.28,0.0,0.0,0.0,583024.88,6133482.76,False,False,False,original,0
G73F000,junction,22.399,4.95,0.0,0.0,0.0,582987.5,6133103.71,False,False,False,original,0
G73F001,junction,27.689,1.9,0.0,0.0,0.0,582974.18,6133069.44,False,False,False,original,0
G73F002,junction,29.599,2.27,0.0,0.0,0.0,582964.96,6133030.26,False,False,False,original,0
G73F003,junction,30.239,2.72,0.0,0.0,0.0,583012.18,6133019.21,False,False,False,original,0
G73F004,junction,31.749,2.86,0.0,0.0,0.0,583002.86,6132985.02,False,False,False,original,0
G73F005,junction,30.479,2.44,0.0,0.0,0.0,583027.25,6133015.51,False,False,False,original,0
G73F006,junction,29.999,1.97,0.0,0.0,0.0,582929.84,6133036.56,False,False,False,original,0
G73F007,junction,23.919,4.16,0.0,0.0,0.0,583035.71,6133092.67,False,False,False,original,0
G73F008,junction,24.679,3.22,0.0,0.0,0.0,583084.98,6133079.64,False,False,False,original,0
G73F010,junction,22.589,3.24,0.0,0.0,0.0,582935.28,6133114.66,False,False,False,original,0
G73F020,junction,22.629,4.3,0.0,0.0,0.0,582917.17,6133120.3,False,False,False,original,0
G73F030,junction,22.779,4.15,0.0,0.0,0.0,582886.97,6133130.7,False,False,False,original,0
G73F040,junction,22.919,2.67,0.0,0.0,0.0,582846.57,6133150.89,False,False,False,original,0
G73F041,junction,23.209,2.65,0.0,0.0,0.0,582830.41,6133131.85,False,False,False,original,0
G73F042,junction,23.019,4.46,0.0,0.0,0.0,582872.23,6133224.82,False,False,False,original,0
G73F050,junction,23.099,2.58,0.0,0.0,0.0,582834.31,6133154.39,False,False,False,original,0
G73F060,junction,23.739,2.32,0.0,0.0,0.0,582801.34,6133162.99,False,False,False,original,0
G73F070,junction,24.219,2.79,0.0,0.0,0.0,582759.12,6133174.15,False,False,False,original,0
G73F071,junction,24.839,2.55,0.0,0.0,0.0,582756.54,6133203.09,False,False,False,original,0
G73F072,junction,25.879,2.56,0.0,0.0,0.0,582751.71,6133246.0,False,False,False,original,0
G73F080,junction,24.939,3.11,0.0,0.0,0.0,582716.9,6133185.31,False,False,False,original,0
G73F090,junction,25.859,3.25,0.0,0.0,0.0,582670.64,6133198.38,False,False,False,original,0
G73F100,junction,26.399,3.36,0.0,0.0,0.0,582629.45,6133208.56,False,False,False,original,0
G73F110,junction,26.839,3.23,0.0,0.0,0.0,582586.21,6133220.7,False,False,False,original,0
G73F111,junction,27.209,2.4,0.0,0.0,0.0,582599.34,6133263.32,False,False,False,original,0
G73F112,junction,27.489,2.5,0.0,0.0,0.0,582610.31,6133303.81,False,False,False,original,0
G73F113,junction,28.009,2.6,0.0,0.0,0.0,582551.23,6133319.99,False,False,False,original,0
G73F114,junction,28.659,2.93,0.0,0.0,0.0,582510.01,6133331.17,False,False,False,original,0
G73F115,junction,29.279,2.72,0.0,0.0,0.0,582468.72,6133341.95,False,False,False,original,0
G73F116,junction,29.789,2.81,0.0,0.0,0.0,582411.3,6133357.16,False,False,False,original,0
G73F117,junction,30.779,2.31,0.0,0.0,0.0,582421.7,6133397.4,False,False,False,original,0
G73F120,junction,27.219,3.19,0.0,0.0,0.0,582542.27,6133233.28,False,False,False,original,0
G73F130,junction,27.369,3.29,0.0,0.0,0.0,582498.45,6133245.02,False,False,False,original,0
G73F140,junction,27.519,3.47,0.0,0.0,0.0,582455.31,6133256.89,False,False,False,original,0
G73F150,junction,28.119,3.36,0.0,0.0,0.0,582409.15,6133269.46,False,False,False,original,0
G73F160,junction,29.069,3.77,0.0,0.0,0.0,582354.81,6133284.54,False,False,False,original,0
G73F161,junction,31.209,1.56,0.0,0.0,0.0,582349.63,6133250.98,False,False,False,original,0
G73F170,junction,29.829,3.73,0.0,0.0,0.0,582351.41,6133312.01,False,False,False,original,0
G73F180,junction,30.289,3.30999999999999,0.0,0.0,0.0,582350.72,6133346.99,False,False,False,original,0
G73F190,junction,31.039,2.88,0.0,0.0,0.0,582348.0,6133382.93,False,False,False,original,0
G73F210,junction,31.859,2.73,0.0,0.0,0.0,582269.69,6133387.66,False,False,False,original,0
G73F211,junction,33.039,2.43,0.0,0.0,0.0,582274.93,6133463.26,False,False,False,original,0
G73F220,junction,32.459,3.05,0.0,0.0,0.0,582206.13,6133390.53,False,False,False,original,0
G73F221,junction,33.589,4.69,0.0,0.0,0.0,582209.64,6133446.73,False,False,False,original,0
G73F222,junction,34.629,2.63,0.0,0.0,0.0,582212.53,6133496.64,False,False,False,original,0
G73F230,junction,33.899,2.83,0.0,0.0,0.0,582124.5,6133394.93,False,False,False,original,0
G73F231,junction,34.509,2.24,0.0,0.0,0.0,582128.23,6133459.88,False,False,False,original,0
G73F232,junction,35.229,2.5,0.0,0.0,0.0,582132.87,6133521.03,False,False,False,original,0
G73F233,junction,34.609,2.92,0.0,0.0,0.0,582045.68,6133400.0,False,False,False,original,0
G73F234,junction,35.409,2.55,0.0,0.0,0.0,582049.95,6133472.19,False,False,False,original,0
G73F235,junction,35.469,2.49,0.0,0.0,0.0,582052.93,6133518.44,False,False,False,original,0
G73F240,junction,30.769,3.03,0.0,0.0,0.0,582294.29,6133317.97,False,False,False,original,0
G73F260,junction,31.619,2.89,0.0,0.0,0.0,582234.92,6133321.29,False,False,False,original,0
G73F270,junction,31.969,3.33,0.0,0.0,0.0,582174.07,6133323.95,False,False,False,original,0
G73F271,junction,34.019,2.71,0.0,0.0,0.0,582113.27,6133326.86,False,False,False,original,0
G73F272,junction,35.669,2.42,0.0,0.0,0.0,582057.56,6133329.97,False,False,False,original,0
G73F273,junction,35.929,2.7,0.0,0.0,0.0,582022.04,6133331.58,False,False,False,original,0
G73F274,junction,36.419,2.74,0.0,0.0,0.0,581995.92,6133331.88,False,False,False,original,0
G73F300,junction,23.209,2.62,0.0,0.0,0.0,582826.22,6133131.48,False,False,False,original,0
G73F301,junction,23.319,2.51,0.0,0.0,0.0,582818.02,6133128.33,False,False,False,original,0
G73F310,junction,23.749,4.33,0.0,0.0,0.0,582808.3,6133075.62,False,False,False,original,0
G73F311,junction,28.089,2.8,0.0,0.0,0.0,582790.49,6133017.19,False,False,False,original,0
G73F312,junction,28.299,1.25,0.0,0.0,0.0,582745.97,6133030.9,False,False,False,original,0
G73F313,junction,28.579,1.79,0.0,0.0,0.0,582730.58,6133000.6,False,False,False,original,0
G73F314,junction,28.529,1.84,0.0,0.0,0.0,582738.41,6133007.82,False,False,False,original,0
G73F320,junction,23.889,2.72,0.0,0.0,0.0,582733.7,6133094.65,False,False,False,original,0
G73F330,junction,24.199,2.56,0.0,0.0,0.0,582662.32,6133114.23,False,False,False,original,0
G73F340,junction,24.199,2.05,0.0,0.0,0.0,582657.76,6133092.14,False,False,False,original,0
G73F350,junction,24.309,2.27,0.0,0.0,0.0,582654.1,6133075.07,False,False,False,original,0
G73F360,junction,24.749,4.5,0.0,0.0,0.0,582642.69,6133013.1,False,False,False,original,0
G73F361,junction,28.619,1.7,0.0,0.0,0.0,582693.38,6133003.12,False,False,False,original,0
G73F362,junction,29.479,1.77,0.0,0.0,0.0,582749.87,6132991.32,False,False,False,original,0
G73F363,junction,30.299,2.43,0.0,0.0,0.0,582815.68,6132976.95,False,False,False,original,0
G73F370,junction,24.909,3.21,0.0,0.0,0.0,582599.45,6133021.08,False,False,False,original,0
G73F371,junction,25.229,2.66,0.0,0.0,0.0,582557.87,6133023.19,False,False,False,original,0
G73F380,junction,25.129,2.56,0.0,0.0,0.0,582556.74,6133027.81,False,False,False,original,0
G73F381,junction,26.609,2.13,0.0,0.0,0.0,582568.61,6133100.36,False,False,False,original,0
G73F382,junction,26.969,2.9,0.0,0.0,0.0,582575.93,6133134.5,False,False,False,original,0
G73F383,junction,27.219,2.8,0.0,0.0,0.0,582517.69,6133150.2,False,False,False,original,0
G73F385,junction,25.169,2.6,0.0,0.0,0.0,582546.24,6133043.49,False,False,False,original,0
G73F390,junction,25.829,2.32,0.0,0.0,0.0,582508.94,6133036.71,False,False,False,original,0
G73F400,junction,26.519,2.94,0.0,0.0,0.0,582457.6,6133046.14,False,False,False,original,0
G73F410,junction,26.989,3.76,0.0,0.0,0.0,582409.89,6133055.85,False,False,False,original,0
G73F420,junction,27.269,3.97,0.0,0.0,0.0,582391.41,6133059.55,False,False,False,original,0
G73F430,junction,27.639,4.63,0.0,0.0,0.0,582357.31,6133066.56,False,False,False,original,0
G73F500,junction,31.189,3.14,0.0,0.0,0.0,582347.17,6133407.47,False,False,False,original,0
G73F510,junction,32.119,3.18,0.0,0.0,0.0,582344.39,6133458.35,False,False,False,original,0
G73F520,junction,33.409,2.71,0.0,0.0,0.0,582287.2,6133483.81,False,False,False,original,0
G73F530,junction,33.829,3.34,0.0,0.0,0.0,582231.7,6133507.8,False,False,False,original,0
G73F540,junction,34.079,3.95,0.0,0.0,0.0,582176.01,6133532.32,False,False,False,original,0
G73F560,junction,34.309,3.88,0.0,0.0,0.0,582122.35,6133557.12,False,False,False,original,0
G73F570,junction,34.439,3.92,0.0,0.0,0.0,582067.69,6133581.56,False,False,False,original,0
G73F580,junction,34.719,4.07,0.0,0.0,0.0,582007.42,6133608.83,False,False,False,original,0
G73F590,junction,35.069,3.94,0.0,0.0,0.0,581970.29,6133625.55,False,False,False,original,0
G73F610,junction,35.629,3.39,0.0,0.0,0.0,581937.03,6133639.72,False,False,False,original,0
G73F612,junction,36.929,2.28,0.0,0.0,0.0,581892.88,6133672.28,False,False,False,original,0
G73F614,junction,37.489,1.74,0.0,0.0,0.0,581875.64,6133705.09,False,False,False,original,0
G73F620,junction,36.469,2.95,0.0,0.0,0.0,581882.36,6133663.43,False,False,False,original,0
G73F630,junction,36.829,2.9,0.0,0.0,0.0,581855.67,6133674.83,False,False,False,original,0
G73F631,junction,37.269,2.73,0.0,0.0,0.0,581825.66,6133688.59,False,False,False,original,0
G73F670,junction,34.689,3.99,0.0,0.0,0.0,582006.7,6133606.71,False,False,False,original,0
G73F671,junction,34.889,3.23,0.0,0.0,0.0,581984.77,6133552.18,False,False,False,original,0
G73F672,junction,34.939,2.97,0.0,0.0,0.0,581977.87,6133513.34,False,False,False,original,0
G73F673,junction,35.139,2.48999999999999,0.0,0.0,0.0,581974.55,6133465.67,False,False,False,original,0
G73F674,junction,35.589,1.75,0.0,0.0,0.0,581972.01,6133398.03,False,False,False,original,0
G73F679,junction,36.759,2.26,0.0,0.0,0.0,581937.37,6133637.82,False,False,False,original,0
G73G384,junction,27.019,2.9,0.0,0.0,0.0,582566.22,6133139.84,False,False,False,original,0
G73K040,junction,23.02,2.599,0.0,0.0,0.0,582839.67,6133152.98,False,False,False,original,0
G73K041,junction,22.93,2.659,0.0,0.0,0.0,582841.65,6133161.05,False,False,False,original,0
G73K365,junction,29.86,2.17,0.0,0.0,0.0,582780.33,6132984.14,False,False,False,original,0
G73K370,junction,25.1,2.589,0.0,0.0,0.0,582561.27,6133026.9,False,False,False,original,0
G73K570,junction,34.669,4.1,0.0,0.0,0.0,582016.79,6133605.92,False,False,False,original,0
G73K611,junction,36.769,2.25,0.0,0.0,0.0,581934.17,6133653.02,False,False,False,original,0
G73K613,junction,37.109,1.98999999999999,0.0,0.0,0.0,581902.47,6133693.81,False,False,False,original,0
G73K727,junction,31.6,1.02,0.0,0.0,0.0,582723.53,6132874.55,False,False,False,original,0
G73R440,junction,29.659,3.54,0.0,0.0,0.0,582351.92,6133145.11,False,False,False,original,0
G73R450,junction,29.709,3.45,0.0,0.0,0.0,582350.97,6133163.8,False,False,False,original,0
G73R451,junction,30.119,2.45,0.0,0.0,0.0,582408.25,6133154.5,False,False,False,original,0
G73R452,junction,30.359,1.71,0.0,0.0,0.0,582461.53,6133145.12,False,False,False,original,0
G73R453,junction,30.469,1.35,0.0,0.0,0.0,582480.61,6133140.8,False,False,False,original,0
G73R454,junction,30.459,1.28,0.0,0.0,0.0,582465.88,6133172.79,False,False,False,original,0
G73R455,junction,30.499,1.36,0.0,0.0,0.0,582452.3,6133176.86,False,False,False,original,0
G73R460,junction,30.929,1.86,0.0,0.0,0.0,582349.63,6133200.99,False,False,False,original,0
G73R710,junction,30.22,1.829999,0.0,0.0,0.0,582780.28,6132978.1,False,False,False,original,0
G73R711,junction,30.48,2.05,0.0,0.0,0.0,582772.78,6132941.49,False,False,False,original,0
G73R712,junction,30.56,2.13,0.0,0.0,0.0,582771.12,6132933.08,False,False,False,original,0
G73R714,junction,30.85,2.44,0.0,0.0,0.0,582812.47,6132917.7,False,False,False,original,0
G73R716,junction,31.24,2.42,0.0,0.0,0.0,582802.73,6132874.8,False,False,False,original,0
G73R718,junction,30.83,1.87,0.0,0.0,0.0,582758.95,6132914.54,False,False,False,original,0
G73R719,junction,30.82,1.26,0.0,0.0,0.0,582734.61,6132944.81,False,False,False,original,0
G73R721,junction,31.14,1.09,0.0,0.0,0.0,582728.79,6132916.45,False,False,False,original,0
G73R723,junction,31.61,1.98,0.0,0.0,0.0,582794.65,6132868.69,False,False,False,original,0
G73R724,junction,31.95,1.12,0.0,0.0,0.0,582763.72,6132874.75,False,False,False,original,0
G74F130,junction,22.319,3.54,0.0,0.0,0.0,583007.07,6133175.09,False,False,False,original,0
G74F140,junction,22.849,3.44,0.0,0.0,0.0,582950.6,6133198.96,False,False,False,original,0
G74F150,junction,23.369,3.73,0.0,0.0,0.0,582917.08,6133232.33,False,False,False,original,0
G74F160,junction,24.999,3.42,0.0,0.0,0.0,582851.39,6133260.82,False,False,False,original,0
G74F170,junction,26.769,2.65,0.0,0.0,0.0,582787.89,6133289.39,False,False,False,original,0
G74F180,junction,28.449,2.52,0.0,0.0,0.0,582812.85,6133349.52,False,False,False,original,0
G74F190,junction,28.909,2.66,0.0,0.0,0.0,582745.01,6133377.35,False,False,False,original,0
G74F191,junction,30.439,2.5,0.0,0.0,0.0,582765.58,6133425.53,False,False,False,original,0
G74F210,junction,29.389,2.8,0.0,0.0,0.0,582677.13,6133408.31,False,False,False,original,0
G74F211,junction,32.439,2.8,0.0,0.0,0.0,582707.56,6133477.23,False,False,False,original,0
G74F220,junction,29.739,3.2,0.0,0.0,0.0,582610.62,6133436.62,False,False,False,original,0
G74F221,junction,31.179,2.57,0.0,0.0,0.0,582629.81,6133481.14,False,False,False,original,0
G74F222,junction,32.369,2.78,0.0,0.0,0.0,582649.61,6133526.43,False,False,False,original,0
G74F230,junction,30.899,3.29,0.0,0.0,0.0,582544.53,6133465.84,False,False,False,original,0
G74F231,junction,31.799,2.99,0.0,0.0,0.0,582568.35,6133519.81,False,False,False,original,0
G74F232,junction,33.179,2.93,0.0,0.0,0.0,582591.98,6133573.18,False,False,False,original,0
G74F240,junction,31.999,3.3,0.0,0.0,0.0,582480.26,6133494.66,False,False,False,original,0
G74F241,junction,32.559,3.28,0.0,0.0,0.0,582504.36,6133549.63,False,False,False,original,0
G74F242,junction,32.939,3.31,0.0,0.0,0.0,582525.88,6133598.86,False,False,False,original,0
G74F243,junction,33.429,2.28,0.0,0.0,0.0,582462.02,6133626.98,False,False,False,original,0
G74F250,junction,32.349,3.43000000000001,0.0,0.0,0.0,582437.18,6133513.7,False,False,False,original,0
G74F260,junction,32.689,3.52,0.0,0.0,0.0,582378.59,6133539.03,False,False,False,original,0
G74F261,junction,33.569,1.9,0.0,0.0,0.0,582353.52,6133482.43,False,False,False,original,0
G74F270,junction,32.939,3.86,0.0,0.0,0.0,582338.84,6133556.43,False,False,False,original,0
G74F271,junction,33.609,3.48999999999999,0.0,0.0,0.0,582362.66,6133610.9,False,False,False,original,0
G74F272,junction,34.179,3.23999999999999,0.0,0.0,0.0,582388.81,6133669.1,False,False,False,original,0
G74F280,junction,33.329,4.27,0.0,0.0,0.0,582272.87,6133585.62,False,False,False,original,0
G74F281,junction,33.959,4.09999999999999,0.0,0.0,0.0,582296.25,6133641.88,False,False,False,original,0
G74F282,junction,34.499,2.91,0.0,0.0,0.0,582318.64,6133692.22,False,False,False,original,0
G74F290,junction,33.589,4.04,0.0,0.0,0.0,582237.09,6133604.7,False,False,False,original,0
G74F310,junction,33.839,3.38,0.0,0.0,0.0,582209.53,6133627.95,False,False,False,original,0
G74F311,junction,34.269,3.02,0.0,0.0,0.0,582228.41,6133674.22,False,False,False,original,0
G74F312,junction,34.639,2.45,0.0,0.0,0.0,582246.86,6133716.88,False,False,False,original,0
G74F320,junction,34.359,3.27,0.0,0.0,0.0,582141.76,6133661.9,False,False,False,original,0
G74F321,junction,34.879,3.02,0.0,0.0,0.0,582159.81,6133704.75,False,False,False,original,0
G74F322,junction,35.409,2.77,0.0,0.0,0.0,582179.78,6133751.24,False,False,False,original,0
G74F323,junction,34.679,2.93,0.0,0.0,0.0,582130.15,6133637.47,False,False,False,original,0
G75F65X,junction,30.579,1.39,0.0,0.0,0.0,582751.12,6134409.57,False,False,False,original,0
G75F65Y,junction,30.7,1.269,0.0,0.0,0.0,582748.93,6134408.12,False,False,False,original,0
G75S060,junction,19.839,1.68,0.0,0.0,0.0,583910.51,6133691.98,False,False,False,original,0
G75S080,junction,20.319,1.38,0.0,0.0,0.0,583931.41,6133767.79,False,False,False,original,0
G75S090,junction,20.549,1.42,0.0,0.0,0.0,583952.04,6133823.46,False,False,False,original,0
G75S110,junction,20.869,1.66,0.0,0.0,0.0,583980.22,6133898.19,False,False,False,original,0
G75S120,junction,21.089,2.19,0.0,0.0,0.0,584015.73,6133987.68,False,False,False,original,0
G75S125,junction,21.31,1.939,0.0,0.0,0.0,584008.07,6134020.05,False,False,False,original,0
G75S140,junction,21.519,0.800000000000001,0.0,0.0,0.0,584030.19,6134082.99,False,False,False,original,0
G75S160,junction,21.779,0.760000000000002,0.0,0.0,0.0,584060.11,6134159.16,False,False,False,original,0
G75S170,junction,21.999,0.75,0.0,0.0,0.0,584062.93,6134218.56,False,False,False,original,0
G75S180,junction,22.149,1.18,0.0,0.0,0.0,584050.12,6134270.29,False,False,False,original,0
G75S190,junction,22.349,0.75,0.0,0.0,0.0,584023.04,6134317.73,False,False,False,original,0
G75S210,junction,22.559,0.789999999999999,0.0,0.0,0.0,583963.79,6134375.26,False,False,False,original,0
G75S220,junction,22.779,0.789999999999999,0.0,0.0,0.0,583902.35,6134432.32,False,False,False,original,0
G75S230,junction,23.069,1.19,0.0,0.0,0.0,583847.51,6134489.36,False,False,False,original,0
G75S240,junction,23.459,1.42,0.0,0.0,0.0,583783.84,6134551.63,False,False,False,original,0
G75S260,junction,23.729,1.67,0.0,0.0,0.0,583728.69,6134604.94,False,False,False,original,0
G75S270,junction,24.089,4.63,0.0,0.0,0.0,583670.65,6134662.95,False,False,False,original,0
G75S280,junction,25.449,3.31,0.0,0.0,0.0,583613.59,6134718.45,False,False,False,original,0
G75S290,junction,26.179,3.94,0.0,0.0,0.0,583556.09,6134774.47,False,False,False,original,0
G75S310,junction,26.909,3.31,0.0,0.0,0.0,583526.57,6134871.72,False,False,False,original,0
G75S320,junction,27.499,3.32,0.0,0.0,0.0,583561.57,6134945.22,False,False,False,original,0
G75S330,junction,28.179,2.07,0.0,0.0,0.0,583596.11,6135018.12,False,False,False,original,0
G75S340,junction,28.539,2.07,0.0,0.0,0.0,583630.4,6135091.09,False,False,False,original,0
G75S360,junction,29.099,1.18,0.0,0.0,0.0,583665.28,6135164.41,False,False,False,original,0
G75S370,junction,29.859,1.03,0.0,0.0,0.0,583699.83,6135238.07,False,False,False,original,0
G75S380,junction,30.669,2.84,0.0,0.0,0.0,583702.45,6135335.61,False,False,False,original,0
G75S390,junction,31.399,3.28,0.0,0.0,0.0,583704.58,6135409.23,False,False,False,original,0
G75S410,junction,24.219,3.65,0.0,0.0,0.0,583654.34,6134661.09,False,False,False,original,0
G75S420,junction,24.589,2.15,0.0,0.0,0.0,583602.22,6134589.81,False,False,False,original,0
G75S430,junction,24.899,4.11,0.0,0.0,0.0,583555.19,6134525.76,False,False,False,original,0
G75S440,junction,25.139,2.91,0.0,0.0,0.0,583514.65,6134476.06,False,False,False,original,0
G75S460,junction,25.469,3.18,0.0,0.0,0.0,583417.27,6134471.37,False,False,False,original,0
G75S470,junction,25.839,5.45,0.0,0.0,0.0,583319.47,6134464.8,False,False,False,original,0
G75S480,junction,26.339,3.64,0.0,0.0,0.0,583180.11,6134432.1,False,False,False,original,0
G75S490,junction,26.869,5.1,0.0,0.0,0.0,583078.17,6134384.37,False,False,False,original,0
G75S510,junction,27.059,3.43,0.0,0.0,0.0,583015.14,6134371.79,False,False,False,original,0
G75S520,junction,27.289,3.43,0.0,0.0,0.0,582959.36,6134361.13,False,False,False,original,0
G75S530,junction,27.71,4.62,0.0,0.0,0.0,582857.37,6134344.0,False,False,False,original,0
G75S540,junction,28.079,3.4,0.0,0.0,0.0,582767.35,6134414.83,False,False,False,original,0
G75S541,junction,29.919,1.5,0.0,0.0,0.0,582758.19,6134410.0,False,False,False,original,0
G76R180,junction,28.999,1.77,0.0,0.0,0.0,583070.09,6133414.62,False,False,False,original,0
G76R181,junction,31.349,1.57,0.0,0.0,0.0,583111.11,6133458.63,False,False,False,original,0
G76R182,junction,29.069,3.65,0.0,0.0,0.0,583059.51,6133424.01,False,False,False,original,0
G76R183,junction,29.359,3.36,0.0,0.0,0.0,583054.41,6133428.71,False,False,False,original,0
G76R184,junction,31.759,1.06,0.0,0.0,0.0,583103.35,6133466.98,False,False,False,original,0
G76R185,junction,28.999,2.24,0.0,0.0,0.0,583073.79,6133412.29,False,False,False,original,0
G80F010,junction,36.909,2.41,0.0,0.0,0.0,581858.78,6133695.43,False,False,False,original,0
G80F020,junction,37.049,2.24,0.0,0.0,0.0,581785.08,6133727.89,False,False,False,original,0
G80F030,junction,37.199,2.25,0.0,0.0,0.0,581711.9,6133760.97,False,False,False,original,0
G80F040,junction,37.399,1.24,0.0,0.0,0.0,581630.05,6133796.93,False,False,False,original,0
G80F060,junction,37.579,0.399999999999999,0.0,0.0,0.0,581552.24,6133832.34,False,False,False,original,0
G80F070,junction,37.599,1.34,0.0,0.0,0.0,581544.83,6133819.16,False,False,False,original,0
G80F080,junction,37.809,1.15000000000001,0.0,0.0,0.0,581469.39,6133851.57,False,False,False,original,0
G80F090,junction,37.979,1.38,0.0,0.0,0.0,581400.7,6133881.64,False,False,False,original,0
G80F110,junction,38.299,1.46,0.0,0.0,0.0,581326.69,6133914.09,False,False,False,original,0
G80F120,junction,38.349,1.59,0.0,0.0,0.0,581331.05,6133928.22,False,False,False,original,0
G80F130,junction,38.579,1.48,0.0,0.0,0.0,581267.6,6133955.38,False,False,False,original,0
G80F140,junction,38.879,1.22,0.0,0.0,0.0,581204.57,6133984.7,False,False,False,original,0
G80F160,junction,39.149,1.24,0.0,0.0,0.0,581146.1,6134023.88,False,False,False,original,0
G80F170,junction,39.369,1.65,0.0,0.0,0.0,581128.98,6134005.35,False,False,False,original,0
G80F180,junction,39.469,1.23,0.0,0.0,0.0,581072.81,6134029.99,False,False,False,original,0
G80F190,junction,40.659,1.22,0.0,0.0,0.0,580990.87,6134067.01,False,False,False,original,0
G80F210,junction,42.499,1.21,0.0,0.0,0.0,580905.54,6134103.23,False,False,False,original,0
G80F220,junction,44.209,1.20999999999999,0.0,0.0,0.0,580827.38,6134137.26,False,False,False,original,0
G80F230,junction,46.689,1.72,0.0,0.0,0.0,580740.38,6134175.72,False,False,False,original,0
G80F240,junction,49.459,1.98,0.0,0.0,0.0,580649.56,6134219.74,False,False,False,original,0
G80F310,junction,34.129,3.31,0.0,0.0,0.0,579865.71,6134247.86,False,False,False,original,0
G80F312,junction,35.419,1.67,0.0,0.0,0.0,579871.04,6134259.81,False,False,False,original,0
G80F313,junction,35.569,1.98,0.0,0.0,0.0,579873.11,6134276.43,False,False,False,original,0
G80F330,junction,35.569,2.0,0.0,0.0,0.0,579922.56,6134267.32,False,False,False,original,0
G80F340,junction,35.789,1.87,0.0,0.0,0.0,579976.56,6134276.67,False,False,False,original,0
G80F350,junction,35.879,1.87,0.0,0.0,0.0,580034.2,6134286.39,False,False,False,original,0
G80F360,junction,36.019,2.57,0.0,0.0,0.0,580086.38,6134312.64,False,False,False,original,0
G80F370,junction,36.069,2.44,0.0,0.0,0.0,580096.06,6134323.87,False,False,False,original,0
G80F380,junction,36.089,2.45,0.0,0.0,0.0,580107.5,6134337.03,False,False,False,original,0
G80F390,junction,37.989,1.59,0.0,0.0,0.0,580170.28,6134345.06,False,False,False,original,0
G80F400,junction,38.099,2.07,0.0,0.0,0.0,580165.27,6134305.23,False,False,False,original,0
G80F410,junction,38.199,2.57,0.0,0.0,0.0,580157.84,6134265.4,False,False,False,original,0
G80F420,junction,38.469,1.29,0.0,0.0,0.0,580194.22,6134257.39,False,False,False,original,0
G80F421,junction,38.569,3.57,0.0,0.0,0.0,580243.01,6134243.38,False,False,False,original,0
G80F422,junction,41.939,2.94,0.0,0.0,0.0,580300.84,6134228.35,False,False,False,original,0
G80F423,junction,43.449,2.87,0.0,0.0,0.0,580349.17,6134215.69,False,False,False,original,0
G80F424,junction,44.059,3.1,0.0,0.0,0.0,580407.23,6134200.85,False,False,False,original,0
G80F425,junction,44.809,3.06,0.0,0.0,0.0,580465.06,6134185.04,False,False,False,original,0
G80F430,junction,38.549,1.43,0.0,0.0,0.0,580198.46,6134196.62,False,False,False,original,0
G80F440,junction,38.579,1.81,0.0,0.0,0.0,580206.84,6134161.13,False,False,False,original,0
G80F460,junction,38.629,1.72,0.0,0.0,0.0,580212.4,6134153.53,False,False,False,original,0
G80F461,junction,42.319,1.98999999999999,0.0,0.0,0.0,580294.12,6134143.45,False,False,False,original,0
G80F462,junction,43.079,2.64,0.0,0.0,0.0,580363.38,6134136.46,False,False,False,original,0
G80F463,junction,43.879,2.66,0.0,0.0,0.0,580425.42,6134158.61,False,False,False,original,0
G80F470,junction,39.849,3.45,0.0,0.0,0.0,580243.53,6134113.43,False,False,False,original,0
G80F472,junction,40.83,2.389,0.0,0.0,0.0,580223.75,6134107.68,False,False,False,original,0
G80F473,junction,40.26,2.959,0.0,0.0,0.0,580230.97,6134120.72,False,False,False,original,0
G80F480,junction,40.229,2.74,0.0,0.0,0.0,580279.72,6134066.72,False,False,False,original,0
G80F490,junction,40.769,2.34,0.0,0.0,0.0,580309.58,6134027.45,False,False,False,original,0
G80F491,junction,41.299,2.43,0.0,0.0,0.0,580344.56,6133982.81,False,False,False,original,0
G80F492,junction,41.529,2.7,0.0,0.0,0.0,580370.69,6133999.86,False,False,False,original,0
G80F493,junction,42.179,3.7,0.0,0.0,0.0,580424.26,6134026.16,False,False,False,original,0
G80F494,junction,43.549,3.22,0.0,0.0,0.0,580467.17,6134051.99,False,False,False,original,0
G80F495,junction,43.939,2.68,0.0,0.0,0.0,580478.51,6134094.71,False,False,False,original,0
G80F496,junction,44.599,2.8,0.0,0.0,0.0,580487.28,6134152.22,False,False,False,original,0
G80F497,junction,46.739,2.49,0.0,0.0,0.0,580494.9,6134208.5,False,False,False,original,0
G80F510,junction,38.439,2.8,0.0,0.0,0.0,580214.42,6134351.44,False,False,False,original,0
G80F520,junction,40.669,3.04000000000001,0.0,0.0,0.0,580274.74,6134349.7,False,False,False,original,0
G80F531,junction,42.349,2.191,0.0,0.0,0.0,580291.4,6134385.54,False,False,False,original,0
G80F540,junction,41.209,3.09999999999999,0.0,0.0,0.0,580296.41,6134337.28,False,False,False,original,0
G80F560,junction,42.009,3.32,0.0,0.0,0.0,580349.67,6134305.03,False,False,False,original,0
G80F570,junction,43.249,2.94,0.0,0.0,0.0,580400.61,6134272.35,False,False,False,original,0
G80F580,junction,44.969,3.0,0.0,0.0,0.0,580452.51,6134247.43,False,False,False,original,0
G80F610,junction,46.189,3.58,0.0,0.0,0.0,580502.51,6134241.6,False,False,False,original,0
G80F620,junction,46.739,3.65000000000001,0.0,0.0,0.0,580536.4,6134276.32,False,False,False,original,0
G80F621,junction,47.789,2.51,0.0,0.0,0.0,580583.63,6134248.78,False,False,False,original,0
G80F622,junction,48.789,2.29,0.0,0.0,0.0,580635.59,6134223.71,False,False,False,original,0
G80F660,junction,46.959,3.26,0.0,0.0,0.0,580565.45,6134310.39,False,False,False,original,0
G80F66X,junction,34.319,3.08,0.0,0.0,0.0,579856.44,6134247.14,False,False,False,original,0
G80F670,junction,47.129,3.06,0.0,0.0,0.0,580586.64,6134334.37,False,False,False,original,0
G80F680,junction,47.289,2.36,0.0,0.0,0.0,580619.68,6134387.27,False,False,False,original,0
G80F690,junction,47.459,2.27999999999999,0.0,0.0,0.0,580652.63,6134440.81,False,False,False,original,0
G80F710,junction,47.819,2.57,0.0,0.0,0.0,580701.98,6134466.08,False,False,False,original,0
G80F720,junction,48.509,2.6,0.0,0.0,0.0,580754.17,6134486.07,False,False,False,original,0
G80F730,junction,48.869,2.11,0.0,0.0,0.0,580810.92,6134507.96,False,False,False,original,0
G80F740,junction,48.989,2.81,0.0,0.0,0.0,580847.21,6134524.61,False,False,False,original,0
G80F741,junction,49.179,2.46,0.0,0.0,0.0,580887.43,6134551.16,False,False,False,original,0
G80F742,junction,49.459,1.68,0.0,0.0,0.0,580925.41,6134593.29,False,False,False,original,0
G80F743,junction,49.869,0.859999999999999,0.0,0.0,0.0,580956.61,6134617.16,False,False,False,original,0
G80K530,junction,40.899,3.64,0.0,0.0,0.0,580287.73,6134343.78,False,False,False,original,0
G80K630,junction,46.78,3.319,0.0,0.0,0.0,580555.02,6134298.29,False,False,False,original,0
G80O010,junction,35.669,0.950000000000003,0.0,0.0,0.0,579839.61,6134231.87,False,False,False,original,0
H50S820,junction,34.469,2.45,0.0,0.0,0.0,579869.74,6134248.6,False,False,False,original,0
G72R33Bb,junction,25.1,1.9,0.0,0.0,0.0,583245.163,6133233.371,False,False,False,original,0
G72K020,junction,18.31,3.75,0.0,0.0,0.0,583536.06,6132850.13,False,False,False,original,0
G71F04R,storage,12.74,7.27,0.0,,0.0,583993.53,6132595.13,True,False,False,original,0
G71F05R,storage,13.74,8.31,0.0,,0.0,583539.46,6132847.15,True,False,False,original,0
G71F05R_skyl,storage,13.84,8.21,0.0,,0.0,583537.61,6132848.09,True,False,False,original,0
G71F090,storage,17.019,3.02,0.0,,0.0,583993.8,6132596.98,True,False,False,original,0
G71F68Y,storage,10.84,6.66,0.0,,0.0,584092.86,6132623.74,True,False,True,original,0
G72R33B,storage,25.1,1.9,0.0,,0.0,583244.74,6133234.03,True,False,False,original,0
G72R70B,storage,23.919,3.331,0.0,,0.0,582909.39,6133260.13,True,False,False,original,0
G72R83B,storage,28.7,5.3,0.0,,0.0,582999.99,6133496.26,True,False,False,original,0
G72R84B,storage,28.18,3.82,0.0,,0.0,583081.75,6134061.56,True,False,False,original,0
G80F11B,storage,34.86,2.46,0.0,,0.0,579852.81,6134232.77,True,False,False,original,0
G80F13P,storage,33.019,4.3,0.0,,0.0,579865.42,6134244.14,True,False,True,original,0
G71R050,storage,10.35,3.65,0.0,,19.63,584101.79,6132606.27,True,False,False,original,0
G72R34R,storage,30.07,2.05,0.0,,7.07,583044.11,6134335.97,True,False,False,original,0
G71F320,storage,12.46,3.64,0.0,,3.98,584075.28,6132567.02,True,False,True,v2,1
G72R520,storage,30.08,5.2,0.0,,3.14,583352.19,6133666.32,True,False,False,original,0
G80F66Y,storage,34.169,3.231,0.0,,0.0,579866.13,6134251.97,True,False,False,original,0
F74F360,outfall,9.409,,,,,586758.38,6135399.94,False,True,False,original,0
G60K220,outfall,8.919,,,,,586450.36,6134985.38,False,True,False,original,0
G60U02F,outfall,11.249,,,,,586224.02,6134882.32,False,True,False,original,0
G70U01F,outfall,13.479,,,,,584262.88,6133239.65,False,True,False,original,0
G71U02F,outfall,11.119,,,,,584179.34,6132619.97,False,True,False,original,0
G71U10F,outfall,10.35,,,,,584148.96,6132591.05,False,True,False,original,0
G72U07R,outfall,29.86,,,,,583055.32,6134360.26,False,True,False,original,0
G75U03F,outfall,30.419,,,,,582758.11,6134414.2,False,True,False,original,0
G80U03F,outfall,34.63,,,,,579826.44,6134224.88,False,True,False,original,0
G_ADD,outfall,10.35,,,,,584121.945,6132556.349,False,True,False,v2,1
